[2026-03-13 17:00:18] production.ERROR: Call to undefined function Illuminate\Support\mb_split() {"exception":"[object] (Error(code: 0): Call to undefined function Illuminate\\Support\\mb_split() at D:/Management-Software/school-management/vendor/laravel/framework/src/Illuminate/Support/Str.php:1704)
[stacktrace]
#0 D:/Management-Software/school-management/vendor/laravel/framework/src/Illuminate/Support/Manager.php(98): Illuminate/Support/Str::studly('memory')
#1 D:/Management-Software/school-management/vendor/laravel/framework/src/Illuminate/Support/Manager.php(78): Illuminate/Support/Manager->createDriver('memory')
#2 D:/Management-Software/school-management/vendor/maatwebsite/excel/src/SettingsProvider.php(31): Illuminate/Support/Manager->driver()
#3 D:/Management-Software/school-management/vendor/maatwebsite/excel/src/SettingsProvider.php(25): Maatwebsite/Excel/SettingsProvider->configureCellCaching()
#4 D:/Management-Software/school-management/vendor/maatwebsite/excel/src/ExcelServiceProvider.php(52): Maatwebsite/Excel/SettingsProvider->provide()
#5 D:/Management-Software/school-management/vendor/laravel/framework/src/Illuminate/Foundation/Application.php(1194): Maatwebsite/Excel/ExcelServiceProvider->Maatwebsite/Excel/{closure}(Object(Illuminate/Foundation/Application))
#6 D:/Management-Software/school-management/vendor/laravel/framework/src/Illuminate/Foundation/Application.php(1137): Illuminate/Foundation/Application->fireAppCallbacks(Array)
#7 D:/Management-Software/school-management/vendor/laravel/framework/src/Illuminate/Foundation/Bootstrap/BootProviders.php(17): Illuminate/Foundation/Application->boot()
#8 D:/Management-Software/school-management/vendor/laravel/framework/src/Illuminate/Foundation/Application.php(342): Illuminate/Foundation/Bootstrap/BootProviders->bootstrap(Object(Illuminate/Foundation/Application))
#9 D:/Management-Software/school-management/vendor/laravel/framework/src/Illuminate/Foundation/Console/Kernel.php(494): Illuminate/Foundation/Application->bootstrapWith(Array)
#10 D:/Management-Software/school-management/vendor/laravel/framework/src/Illuminate/Foundation/Console/Kernel.php(196): Illuminate/Foundation/Console/Kernel->bootstrap()
#11 D:/Management-Software/school-management/vendor/laravel/framework/src/Illuminate/Foundation/Application.php(1235): Illuminate/Foundation/Console/Kernel->handle(Object(Symfony/Component/Console/Input/ArgvInput), Object(Symfony/Component/Console/Output/ConsoleOutput))
#12 D:/Management-Software/school-management/artisan(16): Illuminate/Foundation/Application->handleCommand(Object(Symfony/Component/Console/Input/ArgvInput))
#13 {main}
"} 
[2026-03-15 07:36:53] production.ERROR: SQLSTATE[HY000] [1049] Unknown database 'school_management' (Connection: mysql, Host: localhost, Port: 3306, Database: school_management, SQL: select * from `sessions` where `id` = 7agNsWibI6Bv4rNfUMSlrH5ibDHicRrJv733h1yx limit 1) {"exception":"[object] (Illuminate\\Database\\QueryException(code: 1049): SQLSTATE[HY000] [1049] Unknown database 'school_management' (Connection: mysql, Host: localhost, Port: 3306, Database: school_management, SQL: select * from `sessions` where `id` = 7agNsWibI6Bv4rNfUMSlrH5ibDHicRrJv733h1yx limit 1) at D:/Management-Software/school-management/vendor/laravel/framework/src/Illuminate/Database/Connection.php:838)
[stacktrace]
#0 D:/Management-Software/school-management/vendor/laravel/framework/src/Illuminate/Database/Connection.php(794): Illuminate/Database/Connection->runQueryCallback('select * from `...', Array, Object(Closure))
#1 D:/Management-Software/school-management/vendor/laravel/framework/src/Illuminate/Database/Connection.php(411): Illuminate/Database/Connection->run('select * from `...', Array, Object(Closure))
#2 D:/Management-Software/school-management/vendor/laravel/framework/src/Illuminate/Database/Query/Builder.php(3475): Illuminate/Database/Connection->select('select * from `...', Array, false)
#3 D:/Management-Software/school-management/vendor/laravel/framework/src/Illuminate/Database/Query/Builder.php(3460): Illuminate/Database/Query/Builder->runSelect()
#4 D:/Management-Software/school-management/vendor/laravel/framework/src/Illuminate/Database/Query/Builder.php(4050): Illuminate/Database/Query/Builder->Illuminate/Database/Query/{closure}()
#5 D:/Management-Software/school-management/vendor/laravel/framework/src/Illuminate/Database/Query/Builder.php(3459): Illuminate/Database/Query/Builder->onceWithColumns(Array, Object(Closure))
#6 D:/Management-Software/school-management/vendor/laravel/framework/src/Illuminate/Database/Concerns/BuildsQueries.php(366): Illuminate/Database/Query/Builder->get(Array)
#7 D:/Management-Software/school-management/vendor/laravel/framework/src/Illuminate/Database/Query/Builder.php(3382): Illuminate/Database/Query/Builder->first(Array)
#8 D:/Management-Software/school-management/vendor/laravel/framework/src/Illuminate/Session/DatabaseSessionHandler.php(96): Illuminate/Database/Query/Builder->find('7agNsWibI6Bv4rN...')
#9 D:/Management-Software/school-management/vendor/laravel/framework/src/Illuminate/Session/Store.php(128): Illuminate/Session/DatabaseSessionHandler->read('7agNsWibI6Bv4rN...')
#10 D:/Management-Software/school-management/vendor/laravel/framework/src/Illuminate/Session/Store.php(116): Illuminate/Session/Store->readFromHandler()
#11 D:/Management-Software/school-management/vendor/laravel/framework/src/Illuminate/Session/Store.php(100): Illuminate/Session/Store->loadSession()
#12 D:/Management-Software/school-management/vendor/laravel/framework/src/Illuminate/Session/Middleware/StartSession.php(146): Illuminate/Session/Store->start()
#13 D:/Management-Software/school-management/vendor/laravel/framework/src/Illuminate/Support/helpers.php(388): Illuminate/Session/Middleware/StartSession->Illuminate/Session/Middleware/{closure}(Object(Illuminate/Session/Store))
#14 D:/Management-Software/school-management/vendor/laravel/framework/src/Illuminate/Session/Middleware/StartSession.php(143): tap(Object(Illuminate/Session/Store), Object(Closure))
#15 D:/Management-Software/school-management/vendor/laravel/framework/src/Illuminate/Session/Middleware/StartSession.php(115): Illuminate/Session/Middleware/StartSession->startSession(Object(Illuminate/Http/Request), Object(Illuminate/Session/Store))
#16 D:/Management-Software/school-management/vendor/laravel/framework/src/Illuminate/Session/Middleware/StartSession.php(63): Illuminate/Session/Middleware/StartSession->handleStatefulRequest(Object(Illuminate/Http/Request), Object(Illuminate/Session/Store), Object(Closure))
#17 D:/Management-Software/school-management/vendor/laravel/framework/src/Illuminate/Pipeline/Pipeline.php(219): Illuminate/Session/Middleware/StartSession->handle(Object(Illuminate/Http/Request), Object(Closure))
#18 D:/Management-Software/school-management/vendor/laravel/framework/src/Illuminate/Cookie/Middleware/AddQueuedCookiesToResponse.php(36): Illuminate/Pipeline/Pipeline->Illuminate/Pipeline/{closure}(Object(Illuminate/Http/Request))
#19 D:/Management-Software/school-management/vendor/laravel/framework/src/Illuminate/Pipeline/Pipeline.php(219): Illuminate/Cookie/Middleware/AddQueuedCookiesToResponse->handle(Object(Illuminate/Http/Request), Object(Closure))
#20 D:/Management-Software/school-management/vendor/laravel/framework/src/Illuminate/Cookie/Middleware/EncryptCookies.php(74): Illuminate/Pipeline/Pipeline->Illuminate/Pipeline/{closure}(Object(Illuminate/Http/Request))
#21 D:/Management-Software/school-management/vendor/laravel/framework/src/Illuminate/Pipeline/Pipeline.php(219): Illuminate/Cookie/Middleware/EncryptCookies->handle(Object(Illuminate/Http/Request), Object(Closure))
#22 D:/Management-Software/school-management/vendor/laravel/framework/src/Illuminate/Pipeline/Pipeline.php(137): Illuminate/Pipeline/Pipeline->Illuminate/Pipeline/{closure}(Object(Illuminate/Http/Request))
#23 D:/Management-Software/school-management/vendor/laravel/framework/src/Illuminate/Routing/Router.php(821): Illuminate/Pipeline/Pipeline->then(Object(Closure))
#24 D:/Management-Software/school-management/vendor/laravel/framework/src/Illuminate/Routing/Router.php(800): Illuminate/Routing/Router->runRouteWithinStack(Object(Illuminate/Routing/Route), Object(Illuminate/Http/Request))
#25 D:/Management-Software/school-management/vendor/laravel/framework/src/Illuminate/Routing/Router.php(764): Illuminate/Routing/Router->runRoute(Object(Illuminate/Http/Request), Object(Illuminate/Routing/Route))
#26 D:/Management-Software/school-management/vendor/laravel/framework/src/Illuminate/Routing/Router.php(753): Illuminate/Routing/Router->dispatchToRoute(Object(Illuminate/Http/Request))
#27 D:/Management-Software/school-management/vendor/laravel/framework/src/Illuminate/Foundation/Http/Kernel.php(200): Illuminate/Routing/Router->dispatch(Object(Illuminate/Http/Request))
#28 D:/Management-Software/school-management/vendor/laravel/framework/src/Illuminate/Pipeline/Pipeline.php(180): Illuminate/Foundation/Http/Kernel->Illuminate/Foundation/Http/{closure}(Object(Illuminate/Http/Request))
#29 D:/Management-Software/school-management/vendor/laravel/framework/src/Illuminate/Foundation/Http/Middleware/TransformsRequest.php(21): Illuminate/Pipeline/Pipeline->Illuminate/Pipeline/{closure}(Object(Illuminate/Http/Request))
#30 D:/Management-Software/school-management/vendor/laravel/framework/src/Illuminate/Foundation/Http/Middleware/ConvertEmptyStringsToNull.php(31): Illuminate/Foundation/Http/Middleware/TransformsRequest->handle(Object(Illuminate/Http/Request), Object(Closure))
#31 D:/Management-Software/school-management/vendor/laravel/framework/src/Illuminate/Pipeline/Pipeline.php(219): Illuminate/Foundation/Http/Middleware/ConvertEmptyStringsToNull->handle(Object(Illuminate/Http/Request), Object(Closure))
#32 D:/Management-Software/school-management/vendor/laravel/framework/src/Illuminate/Foundation/Http/Middleware/TransformsRequest.php(21): Illuminate/Pipeline/Pipeline->Illuminate/Pipeline/{closure}(Object(Illuminate/Http/Request))
#33 D:/Management-Software/school-management/vendor/laravel/framework/src/Illuminate/Foundation/Http/Middleware/TrimStrings.php(51): Illuminate/Foundation/Http/Middleware/TransformsRequest->handle(Object(Illuminate/Http/Request), Object(Closure))
#34 D:/Management-Software/school-management/vendor/laravel/framework/src/Illuminate/Pipeline/Pipeline.php(219): Illuminate/Foundation/Http/Middleware/TrimStrings->handle(Object(Illuminate/Http/Request), Object(Closure))
#35 D:/Management-Software/school-management/vendor/laravel/framework/src/Illuminate/Http/Middleware/ValidatePostSize.php(27): Illuminate/Pipeline/Pipeline->Illuminate/Pipeline/{closure}(Object(Illuminate/Http/Request))
#36 D:/Management-Software/school-management/vendor/laravel/framework/src/Illuminate/Pipeline/Pipeline.php(219): Illuminate/Http/Middleware/ValidatePostSize->handle(Object(Illuminate/Http/Request), Object(Closure))
#37 D:/Management-Software/school-management/vendor/laravel/framework/src/Illuminate/Foundation/Http/Middleware/PreventRequestsDuringMaintenance.php(109): Illuminate/Pipeline/Pipeline->Illuminate/Pipeline/{closure}(Object(Illuminate/Http/Request))
#38 D:/Management-Software/school-management/vendor/laravel/framework/src/Illuminate/Pipeline/Pipeline.php(219): Illuminate/Foundation/Http/Middleware/PreventRequestsDuringMaintenance->handle(Object(Illuminate/Http/Request), Object(Closure))
#39 D:/Management-Software/school-management/vendor/laravel/framework/src/Illuminate/Http/Middleware/HandleCors.php(61): Illuminate/Pipeline/Pipeline->Illuminate/Pipeline/{closure}(Object(Illuminate/Http/Request))
#40 D:/Management-Software/school-management/vendor/laravel/framework/src/Illuminate/Pipeline/Pipeline.php(219): Illuminate/Http/Middleware/HandleCors->handle(Object(Illuminate/Http/Request), Object(Closure))
#41 D:/Management-Software/school-management/vendor/laravel/framework/src/Illuminate/Http/Middleware/TrustProxies.php(58): Illuminate/Pipeline/Pipeline->Illuminate/Pipeline/{closure}(Object(Illuminate/Http/Request))
#42 D:/Management-Software/school-management/vendor/laravel/framework/src/Illuminate/Pipeline/Pipeline.php(219): Illuminate/Http/Middleware/TrustProxies->handle(Object(Illuminate/Http/Request), Object(Closure))
#43 D:/Management-Software/school-management/vendor/laravel/framework/src/Illuminate/Foundation/Http/Middleware/InvokeDeferredCallbacks.php(22): Illuminate/Pipeline/Pipeline->Illuminate/Pipeline/{closure}(Object(Illuminate/Http/Request))
#44 D:/Management-Software/school-management/vendor/laravel/framework/src/Illuminate/Pipeline/Pipeline.php(219): Illuminate/Foundation/Http/Middleware/InvokeDeferredCallbacks->handle(Object(Illuminate/Http/Request), Object(Closure))
#45 D:/Management-Software/school-management/vendor/laravel/framework/src/Illuminate/Http/Middleware/ValidatePathEncoding.php(26): Illuminate/Pipeline/Pipeline->Illuminate/Pipeline/{closure}(Object(Illuminate/Http/Request))
#46 D:/Management-Software/school-management/vendor/laravel/framework/src/Illuminate/Pipeline/Pipeline.php(219): Illuminate/Http/Middleware/ValidatePathEncoding->handle(Object(Illuminate/Http/Request), Object(Closure))
#47 D:/Management-Software/school-management/vendor/laravel/framework/src/Illuminate/Pipeline/Pipeline.php(137): Illuminate/Pipeline/Pipeline->Illuminate/Pipeline/{closure}(Object(Illuminate/Http/Request))
#48 D:/Management-Software/school-management/vendor/laravel/framework/src/Illuminate/Foundation/Http/Kernel.php(175): Illuminate/Pipeline/Pipeline->then(Object(Closure))
#49 D:/Management-Software/school-management/vendor/laravel/framework/src/Illuminate/Foundation/Http/Kernel.php(144): Illuminate/Foundation/Http/Kernel->sendRequestThroughRouter(Object(Illuminate/Http/Request))
#50 D:/Management-Software/school-management/vendor/laravel/framework/src/Illuminate/Foundation/Application.php(1220): Illuminate/Foundation/Http/Kernel->handle(Object(Illuminate/Http/Request))
#51 D:/Management-Software/school-management/public/index.php(20): Illuminate/Foundation/Application->handleRequest(Object(Illuminate/Http/Request))
#52 {main}

[previous exception] [object] (PDOException(code: 1049): SQLSTATE[HY000] [1049] Unknown database 'school_management' at D:/Management-Software/school-management/vendor/laravel/framework/src/Illuminate/Database/Connectors/Connector.php:66)
[stacktrace]
#0 D:/Management-Software/school-management/vendor/laravel/framework/src/Illuminate/Database/Connectors/Connector.php(66): PDO->__construct('mysql:host=loca...', 'root', Object(SensitiveParameterValue), Array)
#1 D:/Management-Software/school-management/vendor/laravel/framework/src/Illuminate/Database/Connectors/Connector.php(44): Illuminate/Database/Connectors/Connector->createPdoConnection('mysql:host=loca...', 'root', Object(SensitiveParameterValue), Array)
#2 D:/Management-Software/school-management/vendor/laravel/framework/src/Illuminate/Database/Connectors/MySqlConnector.php(24): Illuminate/Database/Connectors/Connector->createConnection('mysql:host=loca...', Array, Array)
#3 D:/Management-Software/school-management/vendor/laravel/framework/src/Illuminate/Database/Connectors/ConnectionFactory.php(186): Illuminate/Database/Connectors/MySqlConnector->connect(Array)
#4 [internal function]: Illuminate/Database/Connectors/ConnectionFactory->Illuminate/Database/Connectors/{closure}()
#5 D:/Management-Software/school-management/vendor/laravel/framework/src/Illuminate/Database/Connection.php(1257): call_user_func(Object(Closure))
#6 D:/Management-Software/school-management/vendor/laravel/framework/src/Illuminate/Database/Connection.php(525): Illuminate/Database/Connection->getPdo()
#7 D:/Management-Software/school-management/vendor/laravel/framework/src/Illuminate/Database/Connection.php(420): Illuminate/Database/Connection->getPdoForSelect(false)
#8 D:/Management-Software/school-management/vendor/laravel/framework/src/Illuminate/Database/Connection.php(827): Illuminate/Database/Connection->Illuminate/Database/{closure}('select * from `...', Array)
#9 D:/Management-Software/school-management/vendor/laravel/framework/src/Illuminate/Database/Connection.php(794): Illuminate/Database/Connection->runQueryCallback('select * from `...', Array, Object(Closure))
#10 D:/Management-Software/school-management/vendor/laravel/framework/src/Illuminate/Database/Connection.php(411): Illuminate/Database/Connection->run('select * from `...', Array, Object(Closure))
#11 D:/Management-Software/school-management/vendor/laravel/framework/src/Illuminate/Database/Query/Builder.php(3475): Illuminate/Database/Connection->select('select * from `...', Array, false)
#12 D:/Management-Software/school-management/vendor/laravel/framework/src/Illuminate/Database/Query/Builder.php(3460): Illuminate/Database/Query/Builder->runSelect()
#13 D:/Management-Software/school-management/vendor/laravel/framework/src/Illuminate/Database/Query/Builder.php(4050): Illuminate/Database/Query/Builder->Illuminate/Database/Query/{closure}()
#14 D:/Management-Software/school-management/vendor/laravel/framework/src/Illuminate/Database/Query/Builder.php(3459): Illuminate/Database/Query/Builder->onceWithColumns(Array, Object(Closure))
#15 D:/Management-Software/school-management/vendor/laravel/framework/src/Illuminate/Database/Concerns/BuildsQueries.php(366): Illuminate/Database/Query/Builder->get(Array)
#16 D:/Management-Software/school-management/vendor/laravel/framework/src/Illuminate/Database/Query/Builder.php(3382): Illuminate/Database/Query/Builder->first(Array)
#17 D:/Management-Software/school-management/vendor/laravel/framework/src/Illuminate/Session/DatabaseSessionHandler.php(96): Illuminate/Database/Query/Builder->find('7agNsWibI6Bv4rN...')
#18 D:/Management-Software/school-management/vendor/laravel/framework/src/Illuminate/Session/Store.php(128): Illuminate/Session/DatabaseSessionHandler->read('7agNsWibI6Bv4rN...')
#19 D:/Management-Software/school-management/vendor/laravel/framework/src/Illuminate/Session/Store.php(116): Illuminate/Session/Store->readFromHandler()
#20 D:/Management-Software/school-management/vendor/laravel/framework/src/Illuminate/Session/Store.php(100): Illuminate/Session/Store->loadSession()
#21 D:/Management-Software/school-management/vendor/laravel/framework/src/Illuminate/Session/Middleware/StartSession.php(146): Illuminate/Session/Store->start()
#22 D:/Management-Software/school-management/vendor/laravel/framework/src/Illuminate/Support/helpers.php(388): Illuminate/Session/Middleware/StartSession->Illuminate/Session/Middleware/{closure}(Object(Illuminate/Session/Store))
#23 D:/Management-Software/school-management/vendor/laravel/framework/src/Illuminate/Session/Middleware/StartSession.php(143): tap(Object(Illuminate/Session/Store), Object(Closure))
#24 D:/Management-Software/school-management/vendor/laravel/framework/src/Illuminate/Session/Middleware/StartSession.php(115): Illuminate/Session/Middleware/StartSession->startSession(Object(Illuminate/Http/Request), Object(Illuminate/Session/Store))
#25 D:/Management-Software/school-management/vendor/laravel/framework/src/Illuminate/Session/Middleware/StartSession.php(63): Illuminate/Session/Middleware/StartSession->handleStatefulRequest(Object(Illuminate/Http/Request), Object(Illuminate/Session/Store), Object(Closure))
#26 D:/Management-Software/school-management/vendor/laravel/framework/src/Illuminate/Pipeline/Pipeline.php(219): Illuminate/Session/Middleware/StartSession->handle(Object(Illuminate/Http/Request), Object(Closure))
#27 D:/Management-Software/school-management/vendor/laravel/framework/src/Illuminate/Cookie/Middleware/AddQueuedCookiesToResponse.php(36): Illuminate/Pipeline/Pipeline->Illuminate/Pipeline/{closure}(Object(Illuminate/Http/Request))
#28 D:/Management-Software/school-management/vendor/laravel/framework/src/Illuminate/Pipeline/Pipeline.php(219): Illuminate/Cookie/Middleware/AddQueuedCookiesToResponse->handle(Object(Illuminate/Http/Request), Object(Closure))
#29 D:/Management-Software/school-management/vendor/laravel/framework/src/Illuminate/Cookie/Middleware/EncryptCookies.php(74): Illuminate/Pipeline/Pipeline->Illuminate/Pipeline/{closure}(Object(Illuminate/Http/Request))
#30 D:/Management-Software/school-management/vendor/laravel/framework/src/Illuminate/Pipeline/Pipeline.php(219): Illuminate/Cookie/Middleware/EncryptCookies->handle(Object(Illuminate/Http/Request), Object(Closure))
#31 D:/Management-Software/school-management/vendor/laravel/framework/src/Illuminate/Pipeline/Pipeline.php(137): Illuminate/Pipeline/Pipeline->Illuminate/Pipeline/{closure}(Object(Illuminate/Http/Request))
#32 D:/Management-Software/school-management/vendor/laravel/framework/src/Illuminate/Routing/Router.php(821): Illuminate/Pipeline/Pipeline->then(Object(Closure))
#33 D:/Management-Software/school-management/vendor/laravel/framework/src/Illuminate/Routing/Router.php(800): Illuminate/Routing/Router->runRouteWithinStack(Object(Illuminate/Routing/Route), Object(Illuminate/Http/Request))
#34 D:/Management-Software/school-management/vendor/laravel/framework/src/Illuminate/Routing/Router.php(764): Illuminate/Routing/Router->runRoute(Object(Illuminate/Http/Request), Object(Illuminate/Routing/Route))
#35 D:/Management-Software/school-management/vendor/laravel/framework/src/Illuminate/Routing/Router.php(753): Illuminate/Routing/Router->dispatchToRoute(Object(Illuminate/Http/Request))
#36 D:/Management-Software/school-management/vendor/laravel/framework/src/Illuminate/Foundation/Http/Kernel.php(200): Illuminate/Routing/Router->dispatch(Object(Illuminate/Http/Request))
#37 D:/Management-Software/school-management/vendor/laravel/framework/src/Illuminate/Pipeline/Pipeline.php(180): Illuminate/Foundation/Http/Kernel->Illuminate/Foundation/Http/{closure}(Object(Illuminate/Http/Request))
#38 D:/Management-Software/school-management/vendor/laravel/framework/src/Illuminate/Foundation/Http/Middleware/TransformsRequest.php(21): Illuminate/Pipeline/Pipeline->Illuminate/Pipeline/{closure}(Object(Illuminate/Http/Request))
#39 D:/Management-Software/school-management/vendor/laravel/framework/src/Illuminate/Foundation/Http/Middleware/ConvertEmptyStringsToNull.php(31): Illuminate/Foundation/Http/Middleware/TransformsRequest->handle(Object(Illuminate/Http/Request), Object(Closure))
#40 D:/Management-Software/school-management/vendor/laravel/framework/src/Illuminate/Pipeline/Pipeline.php(219): Illuminate/Foundation/Http/Middleware/ConvertEmptyStringsToNull->handle(Object(Illuminate/Http/Request), Object(Closure))
#41 D:/Management-Software/school-management/vendor/laravel/framework/src/Illuminate/Foundation/Http/Middleware/TransformsRequest.php(21): Illuminate/Pipeline/Pipeline->Illuminate/Pipeline/{closure}(Object(Illuminate/Http/Request))
#42 D:/Management-Software/school-management/vendor/laravel/framework/src/Illuminate/Foundation/Http/Middleware/TrimStrings.php(51): Illuminate/Foundation/Http/Middleware/TransformsRequest->handle(Object(Illuminate/Http/Request), Object(Closure))
#43 D:/Management-Software/school-management/vendor/laravel/framework/src/Illuminate/Pipeline/Pipeline.php(219): Illuminate/Foundation/Http/Middleware/TrimStrings->handle(Object(Illuminate/Http/Request), Object(Closure))
#44 D:/Management-Software/school-management/vendor/laravel/framework/src/Illuminate/Http/Middleware/ValidatePostSize.php(27): Illuminate/Pipeline/Pipeline->Illuminate/Pipeline/{closure}(Object(Illuminate/Http/Request))
#45 D:/Management-Software/school-management/vendor/laravel/framework/src/Illuminate/Pipeline/Pipeline.php(219): Illuminate/Http/Middleware/ValidatePostSize->handle(Object(Illuminate/Http/Request), Object(Closure))
#46 D:/Management-Software/school-management/vendor/laravel/framework/src/Illuminate/Foundation/Http/Middleware/PreventRequestsDuringMaintenance.php(109): Illuminate/Pipeline/Pipeline->Illuminate/Pipeline/{closure}(Object(Illuminate/Http/Request))
#47 D:/Management-Software/school-management/vendor/laravel/framework/src/Illuminate/Pipeline/Pipeline.php(219): Illuminate/Foundation/Http/Middleware/PreventRequestsDuringMaintenance->handle(Object(Illuminate/Http/Request), Object(Closure))
#48 D:/Management-Software/school-management/vendor/laravel/framework/src/Illuminate/Http/Middleware/HandleCors.php(61): Illuminate/Pipeline/Pipeline->Illuminate/Pipeline/{closure}(Object(Illuminate/Http/Request))
#49 D:/Management-Software/school-management/vendor/laravel/framework/src/Illuminate/Pipeline/Pipeline.php(219): Illuminate/Http/Middleware/HandleCors->handle(Object(Illuminate/Http/Request), Object(Closure))
#50 D:/Management-Software/school-management/vendor/laravel/framework/src/Illuminate/Http/Middleware/TrustProxies.php(58): Illuminate/Pipeline/Pipeline->Illuminate/Pipeline/{closure}(Object(Illuminate/Http/Request))
#51 D:/Management-Software/school-management/vendor/laravel/framework/src/Illuminate/Pipeline/Pipeline.php(219): Illuminate/Http/Middleware/TrustProxies->handle(Object(Illuminate/Http/Request), Object(Closure))
#52 D:/Management-Software/school-management/vendor/laravel/framework/src/Illuminate/Foundation/Http/Middleware/InvokeDeferredCallbacks.php(22): Illuminate/Pipeline/Pipeline->Illuminate/Pipeline/{closure}(Object(Illuminate/Http/Request))
#53 D:/Management-Software/school-management/vendor/laravel/framework/src/Illuminate/Pipeline/Pipeline.php(219): Illuminate/Foundation/Http/Middleware/InvokeDeferredCallbacks->handle(Object(Illuminate/Http/Request), Object(Closure))
#54 D:/Management-Software/school-management/vendor/laravel/framework/src/Illuminate/Http/Middleware/ValidatePathEncoding.php(26): Illuminate/Pipeline/Pipeline->Illuminate/Pipeline/{closure}(Object(Illuminate/Http/Request))
#55 D:/Management-Software/school-management/vendor/laravel/framework/src/Illuminate/Pipeline/Pipeline.php(219): Illuminate/Http/Middleware/ValidatePathEncoding->handle(Object(Illuminate/Http/Request), Object(Closure))
#56 D:/Management-Software/school-management/vendor/laravel/framework/src/Illuminate/Pipeline/Pipeline.php(137): Illuminate/Pipeline/Pipeline->Illuminate/Pipeline/{closure}(Object(Illuminate/Http/Request))
#57 D:/Management-Software/school-management/vendor/laravel/framework/src/Illuminate/Foundation/Http/Kernel.php(175): Illuminate/Pipeline/Pipeline->then(Object(Closure))
#58 D:/Management-Software/school-management/vendor/laravel/framework/src/Illuminate/Foundation/Http/Kernel.php(144): Illuminate/Foundation/Http/Kernel->sendRequestThroughRouter(Object(Illuminate/Http/Request))
#59 D:/Management-Software/school-management/vendor/laravel/framework/src/Illuminate/Foundation/Application.php(1220): Illuminate/Foundation/Http/Kernel->handle(Object(Illuminate/Http/Request))
#60 D:/Management-Software/school-management/public/index.php(20): Illuminate/Foundation/Application->handleRequest(Object(Illuminate/Http/Request))
#61 {main}
"} 
[2026-03-15 08:03:59] production.ERROR: SQLSTATE[HY000] [1045] Access denied for user 'root'@'localhost' (using password: NO) (Connection: mysql, Host: localhost, Port: 3306, Database: school_management, SQL: select * from `sessions` where `id` = b3sYeqPH48sXNYCY6sneSmBqsHjlC3SUS7M1XoyA limit 1) {"exception":"[object] (Illuminate\\Database\\QueryException(code: 1045): SQLSTATE[HY000] [1045] Access denied for user 'root'@'localhost' (using password: NO) (Connection: mysql, Host: localhost, Port: 3306, Database: school_management, SQL: select * from `sessions` where `id` = b3sYeqPH48sXNYCY6sneSmBqsHjlC3SUS7M1XoyA limit 1) at /home/u568337254/domains/styxcorp.in/public_html/school/vendor/laravel/framework/src/Illuminate/Database/Connection.php:838)
[stacktrace]
#0 /home/u568337254/domains/styxcorp.in/public_html/school/vendor/laravel/framework/src/Illuminate/Database/Connection.php(999): Illuminate\\Database\\Connection->runQueryCallback()
#1 /home/u568337254/domains/styxcorp.in/public_html/school/vendor/laravel/framework/src/Illuminate/Database/Connection.php(978): Illuminate\\Database\\Connection->tryAgainIfCausedByLostConnection()
#2 /home/u568337254/domains/styxcorp.in/public_html/school/vendor/laravel/framework/src/Illuminate/Database/Connection.php(796): Illuminate\\Database\\Connection->handleQueryException()
#3 /home/u568337254/domains/styxcorp.in/public_html/school/vendor/laravel/framework/src/Illuminate/Database/Connection.php(411): Illuminate\\Database\\Connection->run()
#4 /home/u568337254/domains/styxcorp.in/public_html/school/vendor/laravel/framework/src/Illuminate/Database/Query/Builder.php(3475): Illuminate\\Database\\Connection->select()
#5 /home/u568337254/domains/styxcorp.in/public_html/school/vendor/laravel/framework/src/Illuminate/Database/Query/Builder.php(3460): Illuminate\\Database\\Query\\Builder->runSelect()
#6 /home/u568337254/domains/styxcorp.in/public_html/school/vendor/laravel/framework/src/Illuminate/Database/Query/Builder.php(4050): Illuminate\\Database\\Query\\Builder->Illuminate\\Database\\Query\\{closure}()
#7 /home/u568337254/domains/styxcorp.in/public_html/school/vendor/laravel/framework/src/Illuminate/Database/Query/Builder.php(3459): Illuminate\\Database\\Query\\Builder->onceWithColumns()
#8 /home/u568337254/domains/styxcorp.in/public_html/school/vendor/laravel/framework/src/Illuminate/Database/Concerns/BuildsQueries.php(366): Illuminate\\Database\\Query\\Builder->get()
#9 /home/u568337254/domains/styxcorp.in/public_html/school/vendor/laravel/framework/src/Illuminate/Database/Query/Builder.php(3382): Illuminate\\Database\\Query\\Builder->first()
#10 /home/u568337254/domains/styxcorp.in/public_html/school/vendor/laravel/framework/src/Illuminate/Session/DatabaseSessionHandler.php(96): Illuminate\\Database\\Query\\Builder->find()
#11 /home/u568337254/domains/styxcorp.in/public_html/school/vendor/laravel/framework/src/Illuminate/Session/Store.php(128): Illuminate\\Session\\DatabaseSessionHandler->read()
#12 /home/u568337254/domains/styxcorp.in/public_html/school/vendor/laravel/framework/src/Illuminate/Session/Store.php(116): Illuminate\\Session\\Store->readFromHandler()
#13 /home/u568337254/domains/styxcorp.in/public_html/school/vendor/laravel/framework/src/Illuminate/Session/Store.php(100): Illuminate\\Session\\Store->loadSession()
#14 /home/u568337254/domains/styxcorp.in/public_html/school/vendor/laravel/framework/src/Illuminate/Session/Middleware/StartSession.php(146): Illuminate\\Session\\Store->start()
#15 /home/u568337254/domains/styxcorp.in/public_html/school/vendor/laravel/framework/src/Illuminate/Support/helpers.php(388): Illuminate\\Session\\Middleware\\StartSession->Illuminate\\Session\\Middleware\\{closure}()
#16 /home/u568337254/domains/styxcorp.in/public_html/school/vendor/laravel/framework/src/Illuminate/Session/Middleware/StartSession.php(143): tap()
#17 /home/u568337254/domains/styxcorp.in/public_html/school/vendor/laravel/framework/src/Illuminate/Session/Middleware/StartSession.php(115): Illuminate\\Session\\Middleware\\StartSession->startSession()
#18 /home/u568337254/domains/styxcorp.in/public_html/school/vendor/laravel/framework/src/Illuminate/Session/Middleware/StartSession.php(63): Illuminate\\Session\\Middleware\\StartSession->handleStatefulRequest()
#19 /home/u568337254/domains/styxcorp.in/public_html/school/vendor/laravel/framework/src/Illuminate/Pipeline/Pipeline.php(219): Illuminate\\Session\\Middleware\\StartSession->handle()
#20 /home/u568337254/domains/styxcorp.in/public_html/school/vendor/laravel/framework/src/Illuminate/Cookie/Middleware/AddQueuedCookiesToResponse.php(36): Illuminate\\Pipeline\\Pipeline->Illuminate\\Pipeline\\{closure}()
#21 /home/u568337254/domains/styxcorp.in/public_html/school/vendor/laravel/framework/src/Illuminate/Pipeline/Pipeline.php(219): Illuminate\\Cookie\\Middleware\\AddQueuedCookiesToResponse->handle()
#22 /home/u568337254/domains/styxcorp.in/public_html/school/vendor/laravel/framework/src/Illuminate/Cookie/Middleware/EncryptCookies.php(74): Illuminate\\Pipeline\\Pipeline->Illuminate\\Pipeline\\{closure}()
#23 /home/u568337254/domains/styxcorp.in/public_html/school/vendor/laravel/framework/src/Illuminate/Pipeline/Pipeline.php(219): Illuminate\\Cookie\\Middleware\\EncryptCookies->handle()
#24 /home/u568337254/domains/styxcorp.in/public_html/school/vendor/laravel/framework/src/Illuminate/Pipeline/Pipeline.php(137): Illuminate\\Pipeline\\Pipeline->Illuminate\\Pipeline\\{closure}()
#25 /home/u568337254/domains/styxcorp.in/public_html/school/vendor/laravel/framework/src/Illuminate/Routing/Router.php(821): Illuminate\\Pipeline\\Pipeline->then()
#26 /home/u568337254/domains/styxcorp.in/public_html/school/vendor/laravel/framework/src/Illuminate/Routing/Router.php(800): Illuminate\\Routing\\Router->runRouteWithinStack()
#27 /home/u568337254/domains/styxcorp.in/public_html/school/vendor/laravel/framework/src/Illuminate/Routing/Router.php(764): Illuminate\\Routing\\Router->runRoute()
#28 /home/u568337254/domains/styxcorp.in/public_html/school/vendor/laravel/framework/src/Illuminate/Routing/Router.php(753): Illuminate\\Routing\\Router->dispatchToRoute()
#29 /home/u568337254/domains/styxcorp.in/public_html/school/vendor/laravel/framework/src/Illuminate/Foundation/Http/Kernel.php(200): Illuminate\\Routing\\Router->dispatch()
#30 /home/u568337254/domains/styxcorp.in/public_html/school/vendor/laravel/framework/src/Illuminate/Pipeline/Pipeline.php(180): Illuminate\\Foundation\\Http\\Kernel->Illuminate\\Foundation\\Http\\{closure}()
#31 /home/u568337254/domains/styxcorp.in/public_html/school/vendor/laravel/framework/src/Illuminate/Foundation/Http/Middleware/TransformsRequest.php(21): Illuminate\\Pipeline\\Pipeline->Illuminate\\Pipeline\\{closure}()
#32 /home/u568337254/domains/styxcorp.in/public_html/school/vendor/laravel/framework/src/Illuminate/Foundation/Http/Middleware/ConvertEmptyStringsToNull.php(31): Illuminate\\Foundation\\Http\\Middleware\\TransformsRequest->handle()
#33 /home/u568337254/domains/styxcorp.in/public_html/school/vendor/laravel/framework/src/Illuminate/Pipeline/Pipeline.php(219): Illuminate\\Foundation\\Http\\Middleware\\ConvertEmptyStringsToNull->handle()
#34 /home/u568337254/domains/styxcorp.in/public_html/school/vendor/laravel/framework/src/Illuminate/Foundation/Http/Middleware/TransformsRequest.php(21): Illuminate\\Pipeline\\Pipeline->Illuminate\\Pipeline\\{closure}()
#35 /home/u568337254/domains/styxcorp.in/public_html/school/vendor/laravel/framework/src/Illuminate/Foundation/Http/Middleware/TrimStrings.php(51): Illuminate\\Foundation\\Http\\Middleware\\TransformsRequest->handle()
#36 /home/u568337254/domains/styxcorp.in/public_html/school/vendor/laravel/framework/src/Illuminate/Pipeline/Pipeline.php(219): Illuminate\\Foundation\\Http\\Middleware\\TrimStrings->handle()
#37 /home/u568337254/domains/styxcorp.in/public_html/school/vendor/laravel/framework/src/Illuminate/Http/Middleware/ValidatePostSize.php(27): Illuminate\\Pipeline\\Pipeline->Illuminate\\Pipeline\\{closure}()
#38 /home/u568337254/domains/styxcorp.in/public_html/school/vendor/laravel/framework/src/Illuminate/Pipeline/Pipeline.php(219): Illuminate\\Http\\Middleware\\ValidatePostSize->handle()
#39 /home/u568337254/domains/styxcorp.in/public_html/school/vendor/laravel/framework/src/Illuminate/Foundation/Http/Middleware/PreventRequestsDuringMaintenance.php(109): Illuminate\\Pipeline\\Pipeline->Illuminate\\Pipeline\\{closure}()
#40 /home/u568337254/domains/styxcorp.in/public_html/school/vendor/laravel/framework/src/Illuminate/Pipeline/Pipeline.php(219): Illuminate\\Foundation\\Http\\Middleware\\PreventRequestsDuringMaintenance->handle()
#41 /home/u568337254/domains/styxcorp.in/public_html/school/vendor/laravel/framework/src/Illuminate/Http/Middleware/HandleCors.php(61): Illuminate\\Pipeline\\Pipeline->Illuminate\\Pipeline\\{closure}()
#42 /home/u568337254/domains/styxcorp.in/public_html/school/vendor/laravel/framework/src/Illuminate/Pipeline/Pipeline.php(219): Illuminate\\Http\\Middleware\\HandleCors->handle()
#43 /home/u568337254/domains/styxcorp.in/public_html/school/vendor/laravel/framework/src/Illuminate/Http/Middleware/TrustProxies.php(58): Illuminate\\Pipeline\\Pipeline->Illuminate\\Pipeline\\{closure}()
#44 /home/u568337254/domains/styxcorp.in/public_html/school/vendor/laravel/framework/src/Illuminate/Pipeline/Pipeline.php(219): Illuminate\\Http\\Middleware\\TrustProxies->handle()
#45 /home/u568337254/domains/styxcorp.in/public_html/school/vendor/laravel/framework/src/Illuminate/Foundation/Http/Middleware/InvokeDeferredCallbacks.php(22): Illuminate\\Pipeline\\Pipeline->Illuminate\\Pipeline\\{closure}()
#46 /home/u568337254/domains/styxcorp.in/public_html/school/vendor/laravel/framework/src/Illuminate/Pipeline/Pipeline.php(219): Illuminate\\Foundation\\Http\\Middleware\\InvokeDeferredCallbacks->handle()
#47 /home/u568337254/domains/styxcorp.in/public_html/school/vendor/laravel/framework/src/Illuminate/Http/Middleware/ValidatePathEncoding.php(26): Illuminate\\Pipeline\\Pipeline->Illuminate\\Pipeline\\{closure}()
#48 /home/u568337254/domains/styxcorp.in/public_html/school/vendor/laravel/framework/src/Illuminate/Pipeline/Pipeline.php(219): Illuminate\\Http\\Middleware\\ValidatePathEncoding->handle()
#49 /home/u568337254/domains/styxcorp.in/public_html/school/vendor/laravel/framework/src/Illuminate/Pipeline/Pipeline.php(137): Illuminate\\Pipeline\\Pipeline->Illuminate\\Pipeline\\{closure}()
#50 /home/u568337254/domains/styxcorp.in/public_html/school/vendor/laravel/framework/src/Illuminate/Foundation/Http/Kernel.php(175): Illuminate\\Pipeline\\Pipeline->then()
#51 /home/u568337254/domains/styxcorp.in/public_html/school/vendor/laravel/framework/src/Illuminate/Foundation/Http/Kernel.php(144): Illuminate\\Foundation\\Http\\Kernel->sendRequestThroughRouter()
#52 /home/u568337254/domains/styxcorp.in/public_html/school/vendor/laravel/framework/src/Illuminate/Foundation/Application.php(1220): Illuminate\\Foundation\\Http\\Kernel->handle()
#53 /home/u568337254/domains/styxcorp.in/public_html/school/public/index.php(20): Illuminate\\Foundation\\Application->handleRequest()
#54 {main}

[previous exception] [object] (PDOException(code: 1045): SQLSTATE[HY000] [1045] Access denied for user 'root'@'localhost' (using password: NO) at /home/u568337254/domains/styxcorp.in/public_html/school/vendor/laravel/framework/src/Illuminate/Database/Connectors/Connector.php:66)
[stacktrace]
#0 /home/u568337254/domains/styxcorp.in/public_html/school/vendor/laravel/framework/src/Illuminate/Database/Connectors/Connector.php(66): PDO->__construct()
#1 /home/u568337254/domains/styxcorp.in/public_html/school/vendor/laravel/framework/src/Illuminate/Database/Connectors/Connector.php(85): Illuminate\\Database\\Connectors\\Connector->createPdoConnection()
#2 /home/u568337254/domains/styxcorp.in/public_html/school/vendor/laravel/framework/src/Illuminate/Database/Connectors/Connector.php(48): Illuminate\\Database\\Connectors\\Connector->tryAgainIfCausedByLostConnection()
#3 /home/u568337254/domains/styxcorp.in/public_html/school/vendor/laravel/framework/src/Illuminate/Database/Connectors/MySqlConnector.php(24): Illuminate\\Database\\Connectors\\Connector->createConnection()
#4 /home/u568337254/domains/styxcorp.in/public_html/school/vendor/laravel/framework/src/Illuminate/Database/Connectors/ConnectionFactory.php(186): Illuminate\\Database\\Connectors\\MySqlConnector->connect()
#5 [internal function]: Illuminate\\Database\\Connectors\\ConnectionFactory->Illuminate\\Database\\Connectors\\{closure}()
#6 /home/u568337254/domains/styxcorp.in/public_html/school/vendor/laravel/framework/src/Illuminate/Database/Connection.php(1257): call_user_func()
#7 /home/u568337254/domains/styxcorp.in/public_html/school/vendor/laravel/framework/src/Illuminate/Database/Connection.php(525): Illuminate\\Database\\Connection->getPdo()
#8 /home/u568337254/domains/styxcorp.in/public_html/school/vendor/laravel/framework/src/Illuminate/Database/Connection.php(420): Illuminate\\Database\\Connection->getPdoForSelect()
#9 /home/u568337254/domains/styxcorp.in/public_html/school/vendor/laravel/framework/src/Illuminate/Database/Connection.php(827): Illuminate\\Database\\Connection->Illuminate\\Database\\{closure}()
#10 /home/u568337254/domains/styxcorp.in/public_html/school/vendor/laravel/framework/src/Illuminate/Database/Connection.php(999): Illuminate\\Database\\Connection->runQueryCallback()
#11 /home/u568337254/domains/styxcorp.in/public_html/school/vendor/laravel/framework/src/Illuminate/Database/Connection.php(978): Illuminate\\Database\\Connection->tryAgainIfCausedByLostConnection()
#12 /home/u568337254/domains/styxcorp.in/public_html/school/vendor/laravel/framework/src/Illuminate/Database/Connection.php(796): Illuminate\\Database\\Connection->handleQueryException()
#13 /home/u568337254/domains/styxcorp.in/public_html/school/vendor/laravel/framework/src/Illuminate/Database/Connection.php(411): Illuminate\\Database\\Connection->run()
#14 /home/u568337254/domains/styxcorp.in/public_html/school/vendor/laravel/framework/src/Illuminate/Database/Query/Builder.php(3475): Illuminate\\Database\\Connection->select()
#15 /home/u568337254/domains/styxcorp.in/public_html/school/vendor/laravel/framework/src/Illuminate/Database/Query/Builder.php(3460): Illuminate\\Database\\Query\\Builder->runSelect()
#16 /home/u568337254/domains/styxcorp.in/public_html/school/vendor/laravel/framework/src/Illuminate/Database/Query/Builder.php(4050): Illuminate\\Database\\Query\\Builder->Illuminate\\Database\\Query\\{closure}()
#17 /home/u568337254/domains/styxcorp.in/public_html/school/vendor/laravel/framework/src/Illuminate/Database/Query/Builder.php(3459): Illuminate\\Database\\Query\\Builder->onceWithColumns()
#18 /home/u568337254/domains/styxcorp.in/public_html/school/vendor/laravel/framework/src/Illuminate/Database/Concerns/BuildsQueries.php(366): Illuminate\\Database\\Query\\Builder->get()
#19 /home/u568337254/domains/styxcorp.in/public_html/school/vendor/laravel/framework/src/Illuminate/Database/Query/Builder.php(3382): Illuminate\\Database\\Query\\Builder->first()
#20 /home/u568337254/domains/styxcorp.in/public_html/school/vendor/laravel/framework/src/Illuminate/Session/DatabaseSessionHandler.php(96): Illuminate\\Database\\Query\\Builder->find()
#21 /home/u568337254/domains/styxcorp.in/public_html/school/vendor/laravel/framework/src/Illuminate/Session/Store.php(128): Illuminate\\Session\\DatabaseSessionHandler->read()
#22 /home/u568337254/domains/styxcorp.in/public_html/school/vendor/laravel/framework/src/Illuminate/Session/Store.php(116): Illuminate\\Session\\Store->readFromHandler()
#23 /home/u568337254/domains/styxcorp.in/public_html/school/vendor/laravel/framework/src/Illuminate/Session/Store.php(100): Illuminate\\Session\\Store->loadSession()
#24 /home/u568337254/domains/styxcorp.in/public_html/school/vendor/laravel/framework/src/Illuminate/Session/Middleware/StartSession.php(146): Illuminate\\Session\\Store->start()
#25 /home/u568337254/domains/styxcorp.in/public_html/school/vendor/laravel/framework/src/Illuminate/Support/helpers.php(388): Illuminate\\Session\\Middleware\\StartSession->Illuminate\\Session\\Middleware\\{closure}()
#26 /home/u568337254/domains/styxcorp.in/public_html/school/vendor/laravel/framework/src/Illuminate/Session/Middleware/StartSession.php(143): tap()
#27 /home/u568337254/domains/styxcorp.in/public_html/school/vendor/laravel/framework/src/Illuminate/Session/Middleware/StartSession.php(115): Illuminate\\Session\\Middleware\\StartSession->startSession()
#28 /home/u568337254/domains/styxcorp.in/public_html/school/vendor/laravel/framework/src/Illuminate/Session/Middleware/StartSession.php(63): Illuminate\\Session\\Middleware\\StartSession->handleStatefulRequest()
#29 /home/u568337254/domains/styxcorp.in/public_html/school/vendor/laravel/framework/src/Illuminate/Pipeline/Pipeline.php(219): Illuminate\\Session\\Middleware\\StartSession->handle()
#30 /home/u568337254/domains/styxcorp.in/public_html/school/vendor/laravel/framework/src/Illuminate/Cookie/Middleware/AddQueuedCookiesToResponse.php(36): Illuminate\\Pipeline\\Pipeline->Illuminate\\Pipeline\\{closure}()
#31 /home/u568337254/domains/styxcorp.in/public_html/school/vendor/laravel/framework/src/Illuminate/Pipeline/Pipeline.php(219): Illuminate\\Cookie\\Middleware\\AddQueuedCookiesToResponse->handle()
#32 /home/u568337254/domains/styxcorp.in/public_html/school/vendor/laravel/framework/src/Illuminate/Cookie/Middleware/EncryptCookies.php(74): Illuminate\\Pipeline\\Pipeline->Illuminate\\Pipeline\\{closure}()
#33 /home/u568337254/domains/styxcorp.in/public_html/school/vendor/laravel/framework/src/Illuminate/Pipeline/Pipeline.php(219): Illuminate\\Cookie\\Middleware\\EncryptCookies->handle()
#34 /home/u568337254/domains/styxcorp.in/public_html/school/vendor/laravel/framework/src/Illuminate/Pipeline/Pipeline.php(137): Illuminate\\Pipeline\\Pipeline->Illuminate\\Pipeline\\{closure}()
#35 /home/u568337254/domains/styxcorp.in/public_html/school/vendor/laravel/framework/src/Illuminate/Routing/Router.php(821): Illuminate\\Pipeline\\Pipeline->then()
#36 /home/u568337254/domains/styxcorp.in/public_html/school/vendor/laravel/framework/src/Illuminate/Routing/Router.php(800): Illuminate\\Routing\\Router->runRouteWithinStack()
#37 /home/u568337254/domains/styxcorp.in/public_html/school/vendor/laravel/framework/src/Illuminate/Routing/Router.php(764): Illuminate\\Routing\\Router->runRoute()
#38 /home/u568337254/domains/styxcorp.in/public_html/school/vendor/laravel/framework/src/Illuminate/Routing/Router.php(753): Illuminate\\Routing\\Router->dispatchToRoute()
#39 /home/u568337254/domains/styxcorp.in/public_html/school/vendor/laravel/framework/src/Illuminate/Foundation/Http/Kernel.php(200): Illuminate\\Routing\\Router->dispatch()
#40 /home/u568337254/domains/styxcorp.in/public_html/school/vendor/laravel/framework/src/Illuminate/Pipeline/Pipeline.php(180): Illuminate\\Foundation\\Http\\Kernel->Illuminate\\Foundation\\Http\\{closure}()
#41 /home/u568337254/domains/styxcorp.in/public_html/school/vendor/laravel/framework/src/Illuminate/Foundation/Http/Middleware/TransformsRequest.php(21): Illuminate\\Pipeline\\Pipeline->Illuminate\\Pipeline\\{closure}()
#42 /home/u568337254/domains/styxcorp.in/public_html/school/vendor/laravel/framework/src/Illuminate/Foundation/Http/Middleware/ConvertEmptyStringsToNull.php(31): Illuminate\\Foundation\\Http\\Middleware\\TransformsRequest->handle()
#43 /home/u568337254/domains/styxcorp.in/public_html/school/vendor/laravel/framework/src/Illuminate/Pipeline/Pipeline.php(219): Illuminate\\Foundation\\Http\\Middleware\\ConvertEmptyStringsToNull->handle()
#44 /home/u568337254/domains/styxcorp.in/public_html/school/vendor/laravel/framework/src/Illuminate/Foundation/Http/Middleware/TransformsRequest.php(21): Illuminate\\Pipeline\\Pipeline->Illuminate\\Pipeline\\{closure}()
#45 /home/u568337254/domains/styxcorp.in/public_html/school/vendor/laravel/framework/src/Illuminate/Foundation/Http/Middleware/TrimStrings.php(51): Illuminate\\Foundation\\Http\\Middleware\\TransformsRequest->handle()
#46 /home/u568337254/domains/styxcorp.in/public_html/school/vendor/laravel/framework/src/Illuminate/Pipeline/Pipeline.php(219): Illuminate\\Foundation\\Http\\Middleware\\TrimStrings->handle()
#47 /home/u568337254/domains/styxcorp.in/public_html/school/vendor/laravel/framework/src/Illuminate/Http/Middleware/ValidatePostSize.php(27): Illuminate\\Pipeline\\Pipeline->Illuminate\\Pipeline\\{closure}()
#48 /home/u568337254/domains/styxcorp.in/public_html/school/vendor/laravel/framework/src/Illuminate/Pipeline/Pipeline.php(219): Illuminate\\Http\\Middleware\\ValidatePostSize->handle()
#49 /home/u568337254/domains/styxcorp.in/public_html/school/vendor/laravel/framework/src/Illuminate/Foundation/Http/Middleware/PreventRequestsDuringMaintenance.php(109): Illuminate\\Pipeline\\Pipeline->Illuminate\\Pipeline\\{closure}()
#50 /home/u568337254/domains/styxcorp.in/public_html/school/vendor/laravel/framework/src/Illuminate/Pipeline/Pipeline.php(219): Illuminate\\Foundation\\Http\\Middleware\\PreventRequestsDuringMaintenance->handle()
#51 /home/u568337254/domains/styxcorp.in/public_html/school/vendor/laravel/framework/src/Illuminate/Http/Middleware/HandleCors.php(61): Illuminate\\Pipeline\\Pipeline->Illuminate\\Pipeline\\{closure}()
#52 /home/u568337254/domains/styxcorp.in/public_html/school/vendor/laravel/framework/src/Illuminate/Pipeline/Pipeline.php(219): Illuminate\\Http\\Middleware\\HandleCors->handle()
#53 /home/u568337254/domains/styxcorp.in/public_html/school/vendor/laravel/framework/src/Illuminate/Http/Middleware/TrustProxies.php(58): Illuminate\\Pipeline\\Pipeline->Illuminate\\Pipeline\\{closure}()
#54 /home/u568337254/domains/styxcorp.in/public_html/school/vendor/laravel/framework/src/Illuminate/Pipeline/Pipeline.php(219): Illuminate\\Http\\Middleware\\TrustProxies->handle()
#55 /home/u568337254/domains/styxcorp.in/public_html/school/vendor/laravel/framework/src/Illuminate/Foundation/Http/Middleware/InvokeDeferredCallbacks.php(22): Illuminate\\Pipeline\\Pipeline->Illuminate\\Pipeline\\{closure}()
#56 /home/u568337254/domains/styxcorp.in/public_html/school/vendor/laravel/framework/src/Illuminate/Pipeline/Pipeline.php(219): Illuminate\\Foundation\\Http\\Middleware\\InvokeDeferredCallbacks->handle()
#57 /home/u568337254/domains/styxcorp.in/public_html/school/vendor/laravel/framework/src/Illuminate/Http/Middleware/ValidatePathEncoding.php(26): Illuminate\\Pipeline\\Pipeline->Illuminate\\Pipeline\\{closure}()
#58 /home/u568337254/domains/styxcorp.in/public_html/school/vendor/laravel/framework/src/Illuminate/Pipeline/Pipeline.php(219): Illuminate\\Http\\Middleware\\ValidatePathEncoding->handle()
#59 /home/u568337254/domains/styxcorp.in/public_html/school/vendor/laravel/framework/src/Illuminate/Pipeline/Pipeline.php(137): Illuminate\\Pipeline\\Pipeline->Illuminate\\Pipeline\\{closure}()
#60 /home/u568337254/domains/styxcorp.in/public_html/school/vendor/laravel/framework/src/Illuminate/Foundation/Http/Kernel.php(175): Illuminate\\Pipeline\\Pipeline->then()
#61 /home/u568337254/domains/styxcorp.in/public_html/school/vendor/laravel/framework/src/Illuminate/Foundation/Http/Kernel.php(144): Illuminate\\Foundation\\Http\\Kernel->sendRequestThroughRouter()
#62 /home/u568337254/domains/styxcorp.in/public_html/school/vendor/laravel/framework/src/Illuminate/Foundation/Application.php(1220): Illuminate\\Foundation\\Http\\Kernel->handle()
#63 /home/u568337254/domains/styxcorp.in/public_html/school/public/index.php(20): Illuminate\\Foundation\\Application->handleRequest()
#64 {main}
"} 
[2026-03-15 08:05:38] production.ERROR: SQLSTATE[42S02]: Base table or view not found: 1146 Table 'u568337254_wendydb.users' doesn't exist (Connection: mysql, Host: localhost, Port: 3306, Database: u568337254_wendydb, SQL: select * from `users` where `email` = admin@styxcorp.in limit 1) {"exception":"[object] (Illuminate\\Database\\QueryException(code: 42S02): SQLSTATE[42S02]: Base table or view not found: 1146 Table 'u568337254_wendydb.users' doesn't exist (Connection: mysql, Host: localhost, Port: 3306, Database: u568337254_wendydb, SQL: select * from `users` where `email` = admin@styxcorp.in limit 1) at /home/u568337254/domains/styxcorp.in/public_html/school/vendor/laravel/framework/src/Illuminate/Database/Connection.php:838)
[stacktrace]
#0 /home/u568337254/domains/styxcorp.in/public_html/school/vendor/laravel/framework/src/Illuminate/Database/Connection.php(794): Illuminate\\Database\\Connection->runQueryCallback()
#1 /home/u568337254/domains/styxcorp.in/public_html/school/vendor/laravel/framework/src/Illuminate/Database/Connection.php(411): Illuminate\\Database\\Connection->run()
#2 /home/u568337254/domains/styxcorp.in/public_html/school/vendor/laravel/framework/src/Illuminate/Database/Query/Builder.php(3475): Illuminate\\Database\\Connection->select()
#3 /home/u568337254/domains/styxcorp.in/public_html/school/vendor/laravel/framework/src/Illuminate/Database/Query/Builder.php(3460): Illuminate\\Database\\Query\\Builder->runSelect()
#4 /home/u568337254/domains/styxcorp.in/public_html/school/vendor/laravel/framework/src/Illuminate/Database/Query/Builder.php(4050): Illuminate\\Database\\Query\\Builder->Illuminate\\Database\\Query\\{closure}()
#5 /home/u568337254/domains/styxcorp.in/public_html/school/vendor/laravel/framework/src/Illuminate/Database/Query/Builder.php(3459): Illuminate\\Database\\Query\\Builder->onceWithColumns()
#6 /home/u568337254/domains/styxcorp.in/public_html/school/vendor/laravel/framework/src/Illuminate/Database/Eloquent/Builder.php(902): Illuminate\\Database\\Query\\Builder->get()
#7 /home/u568337254/domains/styxcorp.in/public_html/school/vendor/laravel/framework/src/Illuminate/Database/Eloquent/Builder.php(884): Illuminate\\Database\\Eloquent\\Builder->getModels()
#8 /home/u568337254/domains/styxcorp.in/public_html/school/vendor/laravel/framework/src/Illuminate/Database/Concerns/BuildsQueries.php(366): Illuminate\\Database\\Eloquent\\Builder->get()
#9 /home/u568337254/domains/styxcorp.in/public_html/school/vendor/laravel/framework/src/Illuminate/Auth/EloquentUserProvider.php(138): Illuminate\\Database\\Eloquent\\Builder->first()
#10 /home/u568337254/domains/styxcorp.in/public_html/school/vendor/laravel/framework/src/Illuminate/Auth/SessionGuard.php(424): Illuminate\\Auth\\EloquentUserProvider->retrieveByCredentials()
#11 /home/u568337254/domains/styxcorp.in/public_html/school/vendor/laravel/framework/src/Illuminate/Support/Timebox.php(34): Illuminate\\Auth\\SessionGuard->Illuminate\\Auth\\{closure}()
#12 /home/u568337254/domains/styxcorp.in/public_html/school/vendor/laravel/framework/src/Illuminate/Auth/SessionGuard.php(421): Illuminate\\Support\\Timebox->call()
#13 /home/u568337254/domains/styxcorp.in/public_html/school/vendor/laravel/framework/src/Illuminate/Auth/AuthManager.php(334): Illuminate\\Auth\\SessionGuard->attempt()
#14 /home/u568337254/domains/styxcorp.in/public_html/school/vendor/laravel/framework/src/Illuminate/Support/Facades/Facade.php(363): Illuminate\\Auth\\AuthManager->__call()
#15 /home/u568337254/domains/styxcorp.in/public_html/school/app/Http/Controllers/AuthController.php(25): Illuminate\\Support\\Facades\\Facade::__callStatic()
#16 /home/u568337254/domains/styxcorp.in/public_html/school/vendor/laravel/framework/src/Illuminate/Routing/ControllerDispatcher.php(46): App\\Http\\Controllers\\AuthController->login()
#17 /home/u568337254/domains/styxcorp.in/public_html/school/vendor/laravel/framework/src/Illuminate/Routing/Route.php(265): Illuminate\\Routing\\ControllerDispatcher->dispatch()
#18 /home/u568337254/domains/styxcorp.in/public_html/school/vendor/laravel/framework/src/Illuminate/Routing/Route.php(211): Illuminate\\Routing\\Route->runController()
#19 /home/u568337254/domains/styxcorp.in/public_html/school/vendor/laravel/framework/src/Illuminate/Routing/Router.php(822): Illuminate\\Routing\\Route->run()
#20 /home/u568337254/domains/styxcorp.in/public_html/school/vendor/laravel/framework/src/Illuminate/Pipeline/Pipeline.php(180): Illuminate\\Routing\\Router->Illuminate\\Routing\\{closure}()
#21 /home/u568337254/domains/styxcorp.in/public_html/school/vendor/laravel/framework/src/Illuminate/Routing/Middleware/SubstituteBindings.php(50): Illuminate\\Pipeline\\Pipeline->Illuminate\\Pipeline\\{closure}()
#22 /home/u568337254/domains/styxcorp.in/public_html/school/vendor/laravel/framework/src/Illuminate/Pipeline/Pipeline.php(219): Illuminate\\Routing\\Middleware\\SubstituteBindings->handle()
#23 /home/u568337254/domains/styxcorp.in/public_html/school/vendor/laravel/framework/src/Illuminate/Foundation/Http/Middleware/VerifyCsrfToken.php(87): Illuminate\\Pipeline\\Pipeline->Illuminate\\Pipeline\\{closure}()
#24 /home/u568337254/domains/styxcorp.in/public_html/school/vendor/laravel/framework/src/Illuminate/Pipeline/Pipeline.php(219): Illuminate\\Foundation\\Http\\Middleware\\VerifyCsrfToken->handle()
#25 /home/u568337254/domains/styxcorp.in/public_html/school/vendor/laravel/framework/src/Illuminate/View/Middleware/ShareErrorsFromSession.php(48): Illuminate\\Pipeline\\Pipeline->Illuminate\\Pipeline\\{closure}()
#26 /home/u568337254/domains/styxcorp.in/public_html/school/vendor/laravel/framework/src/Illuminate/Pipeline/Pipeline.php(219): Illuminate\\View\\Middleware\\ShareErrorsFromSession->handle()
#27 /home/u568337254/domains/styxcorp.in/public_html/school/vendor/laravel/framework/src/Illuminate/Session/Middleware/StartSession.php(120): Illuminate\\Pipeline\\Pipeline->Illuminate\\Pipeline\\{closure}()
#28 /home/u568337254/domains/styxcorp.in/public_html/school/vendor/laravel/framework/src/Illuminate/Session/Middleware/StartSession.php(63): Illuminate\\Session\\Middleware\\StartSession->handleStatefulRequest()
#29 /home/u568337254/domains/styxcorp.in/public_html/school/vendor/laravel/framework/src/Illuminate/Pipeline/Pipeline.php(219): Illuminate\\Session\\Middleware\\StartSession->handle()
#30 /home/u568337254/domains/styxcorp.in/public_html/school/vendor/laravel/framework/src/Illuminate/Cookie/Middleware/AddQueuedCookiesToResponse.php(36): Illuminate\\Pipeline\\Pipeline->Illuminate\\Pipeline\\{closure}()
#31 /home/u568337254/domains/styxcorp.in/public_html/school/vendor/laravel/framework/src/Illuminate/Pipeline/Pipeline.php(219): Illuminate\\Cookie\\Middleware\\AddQueuedCookiesToResponse->handle()
#32 /home/u568337254/domains/styxcorp.in/public_html/school/vendor/laravel/framework/src/Illuminate/Cookie/Middleware/EncryptCookies.php(74): Illuminate\\Pipeline\\Pipeline->Illuminate\\Pipeline\\{closure}()
#33 /home/u568337254/domains/styxcorp.in/public_html/school/vendor/laravel/framework/src/Illuminate/Pipeline/Pipeline.php(219): Illuminate\\Cookie\\Middleware\\EncryptCookies->handle()
#34 /home/u568337254/domains/styxcorp.in/public_html/school/vendor/laravel/framework/src/Illuminate/Pipeline/Pipeline.php(137): Illuminate\\Pipeline\\Pipeline->Illuminate\\Pipeline\\{closure}()
#35 /home/u568337254/domains/styxcorp.in/public_html/school/vendor/laravel/framework/src/Illuminate/Routing/Router.php(821): Illuminate\\Pipeline\\Pipeline->then()
#36 /home/u568337254/domains/styxcorp.in/public_html/school/vendor/laravel/framework/src/Illuminate/Routing/Router.php(800): Illuminate\\Routing\\Router->runRouteWithinStack()
#37 /home/u568337254/domains/styxcorp.in/public_html/school/vendor/laravel/framework/src/Illuminate/Routing/Router.php(764): Illuminate\\Routing\\Router->runRoute()
#38 /home/u568337254/domains/styxcorp.in/public_html/school/vendor/laravel/framework/src/Illuminate/Routing/Router.php(753): Illuminate\\Routing\\Router->dispatchToRoute()
#39 /home/u568337254/domains/styxcorp.in/public_html/school/vendor/laravel/framework/src/Illuminate/Foundation/Http/Kernel.php(200): Illuminate\\Routing\\Router->dispatch()
#40 /home/u568337254/domains/styxcorp.in/public_html/school/vendor/laravel/framework/src/Illuminate/Pipeline/Pipeline.php(180): Illuminate\\Foundation\\Http\\Kernel->Illuminate\\Foundation\\Http\\{closure}()
#41 /home/u568337254/domains/styxcorp.in/public_html/school/vendor/laravel/framework/src/Illuminate/Foundation/Http/Middleware/TransformsRequest.php(21): Illuminate\\Pipeline\\Pipeline->Illuminate\\Pipeline\\{closure}()
#42 /home/u568337254/domains/styxcorp.in/public_html/school/vendor/laravel/framework/src/Illuminate/Foundation/Http/Middleware/ConvertEmptyStringsToNull.php(31): Illuminate\\Foundation\\Http\\Middleware\\TransformsRequest->handle()
#43 /home/u568337254/domains/styxcorp.in/public_html/school/vendor/laravel/framework/src/Illuminate/Pipeline/Pipeline.php(219): Illuminate\\Foundation\\Http\\Middleware\\ConvertEmptyStringsToNull->handle()
#44 /home/u568337254/domains/styxcorp.in/public_html/school/vendor/laravel/framework/src/Illuminate/Foundation/Http/Middleware/TransformsRequest.php(21): Illuminate\\Pipeline\\Pipeline->Illuminate\\Pipeline\\{closure}()
#45 /home/u568337254/domains/styxcorp.in/public_html/school/vendor/laravel/framework/src/Illuminate/Foundation/Http/Middleware/TrimStrings.php(51): Illuminate\\Foundation\\Http\\Middleware\\TransformsRequest->handle()
#46 /home/u568337254/domains/styxcorp.in/public_html/school/vendor/laravel/framework/src/Illuminate/Pipeline/Pipeline.php(219): Illuminate\\Foundation\\Http\\Middleware\\TrimStrings->handle()
#47 /home/u568337254/domains/styxcorp.in/public_html/school/vendor/laravel/framework/src/Illuminate/Http/Middleware/ValidatePostSize.php(27): Illuminate\\Pipeline\\Pipeline->Illuminate\\Pipeline\\{closure}()
#48 /home/u568337254/domains/styxcorp.in/public_html/school/vendor/laravel/framework/src/Illuminate/Pipeline/Pipeline.php(219): Illuminate\\Http\\Middleware\\ValidatePostSize->handle()
#49 /home/u568337254/domains/styxcorp.in/public_html/school/vendor/laravel/framework/src/Illuminate/Foundation/Http/Middleware/PreventRequestsDuringMaintenance.php(109): Illuminate\\Pipeline\\Pipeline->Illuminate\\Pipeline\\{closure}()
#50 /home/u568337254/domains/styxcorp.in/public_html/school/vendor/laravel/framework/src/Illuminate/Pipeline/Pipeline.php(219): Illuminate\\Foundation\\Http\\Middleware\\PreventRequestsDuringMaintenance->handle()
#51 /home/u568337254/domains/styxcorp.in/public_html/school/vendor/laravel/framework/src/Illuminate/Http/Middleware/HandleCors.php(61): Illuminate\\Pipeline\\Pipeline->Illuminate\\Pipeline\\{closure}()
#52 /home/u568337254/domains/styxcorp.in/public_html/school/vendor/laravel/framework/src/Illuminate/Pipeline/Pipeline.php(219): Illuminate\\Http\\Middleware\\HandleCors->handle()
#53 /home/u568337254/domains/styxcorp.in/public_html/school/vendor/laravel/framework/src/Illuminate/Http/Middleware/TrustProxies.php(58): Illuminate\\Pipeline\\Pipeline->Illuminate\\Pipeline\\{closure}()
#54 /home/u568337254/domains/styxcorp.in/public_html/school/vendor/laravel/framework/src/Illuminate/Pipeline/Pipeline.php(219): Illuminate\\Http\\Middleware\\TrustProxies->handle()
#55 /home/u568337254/domains/styxcorp.in/public_html/school/vendor/laravel/framework/src/Illuminate/Foundation/Http/Middleware/InvokeDeferredCallbacks.php(22): Illuminate\\Pipeline\\Pipeline->Illuminate\\Pipeline\\{closure}()
#56 /home/u568337254/domains/styxcorp.in/public_html/school/vendor/laravel/framework/src/Illuminate/Pipeline/Pipeline.php(219): Illuminate\\Foundation\\Http\\Middleware\\InvokeDeferredCallbacks->handle()
#57 /home/u568337254/domains/styxcorp.in/public_html/school/vendor/laravel/framework/src/Illuminate/Http/Middleware/ValidatePathEncoding.php(26): Illuminate\\Pipeline\\Pipeline->Illuminate\\Pipeline\\{closure}()
#58 /home/u568337254/domains/styxcorp.in/public_html/school/vendor/laravel/framework/src/Illuminate/Pipeline/Pipeline.php(219): Illuminate\\Http\\Middleware\\ValidatePathEncoding->handle()
#59 /home/u568337254/domains/styxcorp.in/public_html/school/vendor/laravel/framework/src/Illuminate/Pipeline/Pipeline.php(137): Illuminate\\Pipeline\\Pipeline->Illuminate\\Pipeline\\{closure}()
#60 /home/u568337254/domains/styxcorp.in/public_html/school/vendor/laravel/framework/src/Illuminate/Foundation/Http/Kernel.php(175): Illuminate\\Pipeline\\Pipeline->then()
#61 /home/u568337254/domains/styxcorp.in/public_html/school/vendor/laravel/framework/src/Illuminate/Foundation/Http/Kernel.php(144): Illuminate\\Foundation\\Http\\Kernel->sendRequestThroughRouter()
#62 /home/u568337254/domains/styxcorp.in/public_html/school/vendor/laravel/framework/src/Illuminate/Foundation/Application.php(1220): Illuminate\\Foundation\\Http\\Kernel->handle()
#63 /home/u568337254/domains/styxcorp.in/public_html/school/public/index.php(20): Illuminate\\Foundation\\Application->handleRequest()
#64 {main}

[previous exception] [object] (PDOException(code: 42S02): SQLSTATE[42S02]: Base table or view not found: 1146 Table 'u568337254_wendydb.users' doesn't exist at /home/u568337254/domains/styxcorp.in/public_html/school/vendor/laravel/framework/src/Illuminate/Database/Connection.php:420)
[stacktrace]
#0 /home/u568337254/domains/styxcorp.in/public_html/school/vendor/laravel/framework/src/Illuminate/Database/Connection.php(420): PDO->prepare()
#1 /home/u568337254/domains/styxcorp.in/public_html/school/vendor/laravel/framework/src/Illuminate/Database/Connection.php(827): Illuminate\\Database\\Connection->Illuminate\\Database\\{closure}()
#2 /home/u568337254/domains/styxcorp.in/public_html/school/vendor/laravel/framework/src/Illuminate/Database/Connection.php(794): Illuminate\\Database\\Connection->runQueryCallback()
#3 /home/u568337254/domains/styxcorp.in/public_html/school/vendor/laravel/framework/src/Illuminate/Database/Connection.php(411): Illuminate\\Database\\Connection->run()
#4 /home/u568337254/domains/styxcorp.in/public_html/school/vendor/laravel/framework/src/Illuminate/Database/Query/Builder.php(3475): Illuminate\\Database\\Connection->select()
#5 /home/u568337254/domains/styxcorp.in/public_html/school/vendor/laravel/framework/src/Illuminate/Database/Query/Builder.php(3460): Illuminate\\Database\\Query\\Builder->runSelect()
#6 /home/u568337254/domains/styxcorp.in/public_html/school/vendor/laravel/framework/src/Illuminate/Database/Query/Builder.php(4050): Illuminate\\Database\\Query\\Builder->Illuminate\\Database\\Query\\{closure}()
#7 /home/u568337254/domains/styxcorp.in/public_html/school/vendor/laravel/framework/src/Illuminate/Database/Query/Builder.php(3459): Illuminate\\Database\\Query\\Builder->onceWithColumns()
#8 /home/u568337254/domains/styxcorp.in/public_html/school/vendor/laravel/framework/src/Illuminate/Database/Eloquent/Builder.php(902): Illuminate\\Database\\Query\\Builder->get()
#9 /home/u568337254/domains/styxcorp.in/public_html/school/vendor/laravel/framework/src/Illuminate/Database/Eloquent/Builder.php(884): Illuminate\\Database\\Eloquent\\Builder->getModels()
#10 /home/u568337254/domains/styxcorp.in/public_html/school/vendor/laravel/framework/src/Illuminate/Database/Concerns/BuildsQueries.php(366): Illuminate\\Database\\Eloquent\\Builder->get()
#11 /home/u568337254/domains/styxcorp.in/public_html/school/vendor/laravel/framework/src/Illuminate/Auth/EloquentUserProvider.php(138): Illuminate\\Database\\Eloquent\\Builder->first()
#12 /home/u568337254/domains/styxcorp.in/public_html/school/vendor/laravel/framework/src/Illuminate/Auth/SessionGuard.php(424): Illuminate\\Auth\\EloquentUserProvider->retrieveByCredentials()
#13 /home/u568337254/domains/styxcorp.in/public_html/school/vendor/laravel/framework/src/Illuminate/Support/Timebox.php(34): Illuminate\\Auth\\SessionGuard->Illuminate\\Auth\\{closure}()
#14 /home/u568337254/domains/styxcorp.in/public_html/school/vendor/laravel/framework/src/Illuminate/Auth/SessionGuard.php(421): Illuminate\\Support\\Timebox->call()
#15 /home/u568337254/domains/styxcorp.in/public_html/school/vendor/laravel/framework/src/Illuminate/Auth/AuthManager.php(334): Illuminate\\Auth\\SessionGuard->attempt()
#16 /home/u568337254/domains/styxcorp.in/public_html/school/vendor/laravel/framework/src/Illuminate/Support/Facades/Facade.php(363): Illuminate\\Auth\\AuthManager->__call()
#17 /home/u568337254/domains/styxcorp.in/public_html/school/app/Http/Controllers/AuthController.php(25): Illuminate\\Support\\Facades\\Facade::__callStatic()
#18 /home/u568337254/domains/styxcorp.in/public_html/school/vendor/laravel/framework/src/Illuminate/Routing/ControllerDispatcher.php(46): App\\Http\\Controllers\\AuthController->login()
#19 /home/u568337254/domains/styxcorp.in/public_html/school/vendor/laravel/framework/src/Illuminate/Routing/Route.php(265): Illuminate\\Routing\\ControllerDispatcher->dispatch()
#20 /home/u568337254/domains/styxcorp.in/public_html/school/vendor/laravel/framework/src/Illuminate/Routing/Route.php(211): Illuminate\\Routing\\Route->runController()
#21 /home/u568337254/domains/styxcorp.in/public_html/school/vendor/laravel/framework/src/Illuminate/Routing/Router.php(822): Illuminate\\Routing\\Route->run()
#22 /home/u568337254/domains/styxcorp.in/public_html/school/vendor/laravel/framework/src/Illuminate/Pipeline/Pipeline.php(180): Illuminate\\Routing\\Router->Illuminate\\Routing\\{closure}()
#23 /home/u568337254/domains/styxcorp.in/public_html/school/vendor/laravel/framework/src/Illuminate/Routing/Middleware/SubstituteBindings.php(50): Illuminate\\Pipeline\\Pipeline->Illuminate\\Pipeline\\{closure}()
#24 /home/u568337254/domains/styxcorp.in/public_html/school/vendor/laravel/framework/src/Illuminate/Pipeline/Pipeline.php(219): Illuminate\\Routing\\Middleware\\SubstituteBindings->handle()
#25 /home/u568337254/domains/styxcorp.in/public_html/school/vendor/laravel/framework/src/Illuminate/Foundation/Http/Middleware/VerifyCsrfToken.php(87): Illuminate\\Pipeline\\Pipeline->Illuminate\\Pipeline\\{closure}()
#26 /home/u568337254/domains/styxcorp.in/public_html/school/vendor/laravel/framework/src/Illuminate/Pipeline/Pipeline.php(219): Illuminate\\Foundation\\Http\\Middleware\\VerifyCsrfToken->handle()
#27 /home/u568337254/domains/styxcorp.in/public_html/school/vendor/laravel/framework/src/Illuminate/View/Middleware/ShareErrorsFromSession.php(48): Illuminate\\Pipeline\\Pipeline->Illuminate\\Pipeline\\{closure}()
#28 /home/u568337254/domains/styxcorp.in/public_html/school/vendor/laravel/framework/src/Illuminate/Pipeline/Pipeline.php(219): Illuminate\\View\\Middleware\\ShareErrorsFromSession->handle()
#29 /home/u568337254/domains/styxcorp.in/public_html/school/vendor/laravel/framework/src/Illuminate/Session/Middleware/StartSession.php(120): Illuminate\\Pipeline\\Pipeline->Illuminate\\Pipeline\\{closure}()
#30 /home/u568337254/domains/styxcorp.in/public_html/school/vendor/laravel/framework/src/Illuminate/Session/Middleware/StartSession.php(63): Illuminate\\Session\\Middleware\\StartSession->handleStatefulRequest()
#31 /home/u568337254/domains/styxcorp.in/public_html/school/vendor/laravel/framework/src/Illuminate/Pipeline/Pipeline.php(219): Illuminate\\Session\\Middleware\\StartSession->handle()
#32 /home/u568337254/domains/styxcorp.in/public_html/school/vendor/laravel/framework/src/Illuminate/Cookie/Middleware/AddQueuedCookiesToResponse.php(36): Illuminate\\Pipeline\\Pipeline->Illuminate\\Pipeline\\{closure}()
#33 /home/u568337254/domains/styxcorp.in/public_html/school/vendor/laravel/framework/src/Illuminate/Pipeline/Pipeline.php(219): Illuminate\\Cookie\\Middleware\\AddQueuedCookiesToResponse->handle()
#34 /home/u568337254/domains/styxcorp.in/public_html/school/vendor/laravel/framework/src/Illuminate/Cookie/Middleware/EncryptCookies.php(74): Illuminate\\Pipeline\\Pipeline->Illuminate\\Pipeline\\{closure}()
#35 /home/u568337254/domains/styxcorp.in/public_html/school/vendor/laravel/framework/src/Illuminate/Pipeline/Pipeline.php(219): Illuminate\\Cookie\\Middleware\\EncryptCookies->handle()
#36 /home/u568337254/domains/styxcorp.in/public_html/school/vendor/laravel/framework/src/Illuminate/Pipeline/Pipeline.php(137): Illuminate\\Pipeline\\Pipeline->Illuminate\\Pipeline\\{closure}()
#37 /home/u568337254/domains/styxcorp.in/public_html/school/vendor/laravel/framework/src/Illuminate/Routing/Router.php(821): Illuminate\\Pipeline\\Pipeline->then()
#38 /home/u568337254/domains/styxcorp.in/public_html/school/vendor/laravel/framework/src/Illuminate/Routing/Router.php(800): Illuminate\\Routing\\Router->runRouteWithinStack()
#39 /home/u568337254/domains/styxcorp.in/public_html/school/vendor/laravel/framework/src/Illuminate/Routing/Router.php(764): Illuminate\\Routing\\Router->runRoute()
#40 /home/u568337254/domains/styxcorp.in/public_html/school/vendor/laravel/framework/src/Illuminate/Routing/Router.php(753): Illuminate\\Routing\\Router->dispatchToRoute()
#41 /home/u568337254/domains/styxcorp.in/public_html/school/vendor/laravel/framework/src/Illuminate/Foundation/Http/Kernel.php(200): Illuminate\\Routing\\Router->dispatch()
#42 /home/u568337254/domains/styxcorp.in/public_html/school/vendor/laravel/framework/src/Illuminate/Pipeline/Pipeline.php(180): Illuminate\\Foundation\\Http\\Kernel->Illuminate\\Foundation\\Http\\{closure}()
#43 /home/u568337254/domains/styxcorp.in/public_html/school/vendor/laravel/framework/src/Illuminate/Foundation/Http/Middleware/TransformsRequest.php(21): Illuminate\\Pipeline\\Pipeline->Illuminate\\Pipeline\\{closure}()
#44 /home/u568337254/domains/styxcorp.in/public_html/school/vendor/laravel/framework/src/Illuminate/Foundation/Http/Middleware/ConvertEmptyStringsToNull.php(31): Illuminate\\Foundation\\Http\\Middleware\\TransformsRequest->handle()
#45 /home/u568337254/domains/styxcorp.in/public_html/school/vendor/laravel/framework/src/Illuminate/Pipeline/Pipeline.php(219): Illuminate\\Foundation\\Http\\Middleware\\ConvertEmptyStringsToNull->handle()
#46 /home/u568337254/domains/styxcorp.in/public_html/school/vendor/laravel/framework/src/Illuminate/Foundation/Http/Middleware/TransformsRequest.php(21): Illuminate\\Pipeline\\Pipeline->Illuminate\\Pipeline\\{closure}()
#47 /home/u568337254/domains/styxcorp.in/public_html/school/vendor/laravel/framework/src/Illuminate/Foundation/Http/Middleware/TrimStrings.php(51): Illuminate\\Foundation\\Http\\Middleware\\TransformsRequest->handle()
#48 /home/u568337254/domains/styxcorp.in/public_html/school/vendor/laravel/framework/src/Illuminate/Pipeline/Pipeline.php(219): Illuminate\\Foundation\\Http\\Middleware\\TrimStrings->handle()
#49 /home/u568337254/domains/styxcorp.in/public_html/school/vendor/laravel/framework/src/Illuminate/Http/Middleware/ValidatePostSize.php(27): Illuminate\\Pipeline\\Pipeline->Illuminate\\Pipeline\\{closure}()
#50 /home/u568337254/domains/styxcorp.in/public_html/school/vendor/laravel/framework/src/Illuminate/Pipeline/Pipeline.php(219): Illuminate\\Http\\Middleware\\ValidatePostSize->handle()
#51 /home/u568337254/domains/styxcorp.in/public_html/school/vendor/laravel/framework/src/Illuminate/Foundation/Http/Middleware/PreventRequestsDuringMaintenance.php(109): Illuminate\\Pipeline\\Pipeline->Illuminate\\Pipeline\\{closure}()
#52 /home/u568337254/domains/styxcorp.in/public_html/school/vendor/laravel/framework/src/Illuminate/Pipeline/Pipeline.php(219): Illuminate\\Foundation\\Http\\Middleware\\PreventRequestsDuringMaintenance->handle()
#53 /home/u568337254/domains/styxcorp.in/public_html/school/vendor/laravel/framework/src/Illuminate/Http/Middleware/HandleCors.php(61): Illuminate\\Pipeline\\Pipeline->Illuminate\\Pipeline\\{closure}()
#54 /home/u568337254/domains/styxcorp.in/public_html/school/vendor/laravel/framework/src/Illuminate/Pipeline/Pipeline.php(219): Illuminate\\Http\\Middleware\\HandleCors->handle()
#55 /home/u568337254/domains/styxcorp.in/public_html/school/vendor/laravel/framework/src/Illuminate/Http/Middleware/TrustProxies.php(58): Illuminate\\Pipeline\\Pipeline->Illuminate\\Pipeline\\{closure}()
#56 /home/u568337254/domains/styxcorp.in/public_html/school/vendor/laravel/framework/src/Illuminate/Pipeline/Pipeline.php(219): Illuminate\\Http\\Middleware\\TrustProxies->handle()
#57 /home/u568337254/domains/styxcorp.in/public_html/school/vendor/laravel/framework/src/Illuminate/Foundation/Http/Middleware/InvokeDeferredCallbacks.php(22): Illuminate\\Pipeline\\Pipeline->Illuminate\\Pipeline\\{closure}()
#58 /home/u568337254/domains/styxcorp.in/public_html/school/vendor/laravel/framework/src/Illuminate/Pipeline/Pipeline.php(219): Illuminate\\Foundation\\Http\\Middleware\\InvokeDeferredCallbacks->handle()
#59 /home/u568337254/domains/styxcorp.in/public_html/school/vendor/laravel/framework/src/Illuminate/Http/Middleware/ValidatePathEncoding.php(26): Illuminate\\Pipeline\\Pipeline->Illuminate\\Pipeline\\{closure}()
#60 /home/u568337254/domains/styxcorp.in/public_html/school/vendor/laravel/framework/src/Illuminate/Pipeline/Pipeline.php(219): Illuminate\\Http\\Middleware\\ValidatePathEncoding->handle()
#61 /home/u568337254/domains/styxcorp.in/public_html/school/vendor/laravel/framework/src/Illuminate/Pipeline/Pipeline.php(137): Illuminate\\Pipeline\\Pipeline->Illuminate\\Pipeline\\{closure}()
#62 /home/u568337254/domains/styxcorp.in/public_html/school/vendor/laravel/framework/src/Illuminate/Foundation/Http/Kernel.php(175): Illuminate\\Pipeline\\Pipeline->then()
#63 /home/u568337254/domains/styxcorp.in/public_html/school/vendor/laravel/framework/src/Illuminate/Foundation/Http/Kernel.php(144): Illuminate\\Foundation\\Http\\Kernel->sendRequestThroughRouter()
#64 /home/u568337254/domains/styxcorp.in/public_html/school/vendor/laravel/framework/src/Illuminate/Foundation/Application.php(1220): Illuminate\\Foundation\\Http\\Kernel->handle()
#65 /home/u568337254/domains/styxcorp.in/public_html/school/public/index.php(20): Illuminate\\Foundation\\Application->handleRequest()
#66 {main}
"} 
[2026-03-15 08:06:36] production.ERROR: SQLSTATE[42S02]: Base table or view not found: 1146 Table 'u568337254_wendydb.users' doesn't exist (Connection: mysql, Host: localhost, Port: 3306, Database: u568337254_wendydb, SQL: select * from `users` where `email` = admin@styxcorp.in limit 1) {"exception":"[object] (Illuminate\\Database\\QueryException(code: 42S02): SQLSTATE[42S02]: Base table or view not found: 1146 Table 'u568337254_wendydb.users' doesn't exist (Connection: mysql, Host: localhost, Port: 3306, Database: u568337254_wendydb, SQL: select * from `users` where `email` = admin@styxcorp.in limit 1) at /home/u568337254/domains/styxcorp.in/public_html/school/vendor/laravel/framework/src/Illuminate/Database/Connection.php:838)
[stacktrace]
#0 /home/u568337254/domains/styxcorp.in/public_html/school/vendor/laravel/framework/src/Illuminate/Database/Connection.php(794): Illuminate\\Database\\Connection->runQueryCallback()
#1 /home/u568337254/domains/styxcorp.in/public_html/school/vendor/laravel/framework/src/Illuminate/Database/Connection.php(411): Illuminate\\Database\\Connection->run()
#2 /home/u568337254/domains/styxcorp.in/public_html/school/vendor/laravel/framework/src/Illuminate/Database/Query/Builder.php(3475): Illuminate\\Database\\Connection->select()
#3 /home/u568337254/domains/styxcorp.in/public_html/school/vendor/laravel/framework/src/Illuminate/Database/Query/Builder.php(3460): Illuminate\\Database\\Query\\Builder->runSelect()
#4 /home/u568337254/domains/styxcorp.in/public_html/school/vendor/laravel/framework/src/Illuminate/Database/Query/Builder.php(4050): Illuminate\\Database\\Query\\Builder->Illuminate\\Database\\Query\\{closure}()
#5 /home/u568337254/domains/styxcorp.in/public_html/school/vendor/laravel/framework/src/Illuminate/Database/Query/Builder.php(3459): Illuminate\\Database\\Query\\Builder->onceWithColumns()
#6 /home/u568337254/domains/styxcorp.in/public_html/school/vendor/laravel/framework/src/Illuminate/Database/Eloquent/Builder.php(902): Illuminate\\Database\\Query\\Builder->get()
#7 /home/u568337254/domains/styxcorp.in/public_html/school/vendor/laravel/framework/src/Illuminate/Database/Eloquent/Builder.php(884): Illuminate\\Database\\Eloquent\\Builder->getModels()
#8 /home/u568337254/domains/styxcorp.in/public_html/school/vendor/laravel/framework/src/Illuminate/Database/Concerns/BuildsQueries.php(366): Illuminate\\Database\\Eloquent\\Builder->get()
#9 /home/u568337254/domains/styxcorp.in/public_html/school/vendor/laravel/framework/src/Illuminate/Auth/EloquentUserProvider.php(138): Illuminate\\Database\\Eloquent\\Builder->first()
#10 /home/u568337254/domains/styxcorp.in/public_html/school/vendor/laravel/framework/src/Illuminate/Auth/SessionGuard.php(424): Illuminate\\Auth\\EloquentUserProvider->retrieveByCredentials()
#11 /home/u568337254/domains/styxcorp.in/public_html/school/vendor/laravel/framework/src/Illuminate/Support/Timebox.php(34): Illuminate\\Auth\\SessionGuard->Illuminate\\Auth\\{closure}()
#12 /home/u568337254/domains/styxcorp.in/public_html/school/vendor/laravel/framework/src/Illuminate/Auth/SessionGuard.php(421): Illuminate\\Support\\Timebox->call()
#13 /home/u568337254/domains/styxcorp.in/public_html/school/vendor/laravel/framework/src/Illuminate/Auth/AuthManager.php(334): Illuminate\\Auth\\SessionGuard->attempt()
#14 /home/u568337254/domains/styxcorp.in/public_html/school/vendor/laravel/framework/src/Illuminate/Support/Facades/Facade.php(363): Illuminate\\Auth\\AuthManager->__call()
#15 /home/u568337254/domains/styxcorp.in/public_html/school/app/Http/Controllers/AuthController.php(25): Illuminate\\Support\\Facades\\Facade::__callStatic()
#16 /home/u568337254/domains/styxcorp.in/public_html/school/vendor/laravel/framework/src/Illuminate/Routing/ControllerDispatcher.php(46): App\\Http\\Controllers\\AuthController->login()
#17 /home/u568337254/domains/styxcorp.in/public_html/school/vendor/laravel/framework/src/Illuminate/Routing/Route.php(265): Illuminate\\Routing\\ControllerDispatcher->dispatch()
#18 /home/u568337254/domains/styxcorp.in/public_html/school/vendor/laravel/framework/src/Illuminate/Routing/Route.php(211): Illuminate\\Routing\\Route->runController()
#19 /home/u568337254/domains/styxcorp.in/public_html/school/vendor/laravel/framework/src/Illuminate/Routing/Router.php(822): Illuminate\\Routing\\Route->run()
#20 /home/u568337254/domains/styxcorp.in/public_html/school/vendor/laravel/framework/src/Illuminate/Pipeline/Pipeline.php(180): Illuminate\\Routing\\Router->Illuminate\\Routing\\{closure}()
#21 /home/u568337254/domains/styxcorp.in/public_html/school/vendor/laravel/framework/src/Illuminate/Routing/Middleware/SubstituteBindings.php(50): Illuminate\\Pipeline\\Pipeline->Illuminate\\Pipeline\\{closure}()
#22 /home/u568337254/domains/styxcorp.in/public_html/school/vendor/laravel/framework/src/Illuminate/Pipeline/Pipeline.php(219): Illuminate\\Routing\\Middleware\\SubstituteBindings->handle()
#23 /home/u568337254/domains/styxcorp.in/public_html/school/vendor/laravel/framework/src/Illuminate/Foundation/Http/Middleware/VerifyCsrfToken.php(87): Illuminate\\Pipeline\\Pipeline->Illuminate\\Pipeline\\{closure}()
#24 /home/u568337254/domains/styxcorp.in/public_html/school/vendor/laravel/framework/src/Illuminate/Pipeline/Pipeline.php(219): Illuminate\\Foundation\\Http\\Middleware\\VerifyCsrfToken->handle()
#25 /home/u568337254/domains/styxcorp.in/public_html/school/vendor/laravel/framework/src/Illuminate/View/Middleware/ShareErrorsFromSession.php(48): Illuminate\\Pipeline\\Pipeline->Illuminate\\Pipeline\\{closure}()
#26 /home/u568337254/domains/styxcorp.in/public_html/school/vendor/laravel/framework/src/Illuminate/Pipeline/Pipeline.php(219): Illuminate\\View\\Middleware\\ShareErrorsFromSession->handle()
#27 /home/u568337254/domains/styxcorp.in/public_html/school/vendor/laravel/framework/src/Illuminate/Session/Middleware/StartSession.php(120): Illuminate\\Pipeline\\Pipeline->Illuminate\\Pipeline\\{closure}()
#28 /home/u568337254/domains/styxcorp.in/public_html/school/vendor/laravel/framework/src/Illuminate/Session/Middleware/StartSession.php(63): Illuminate\\Session\\Middleware\\StartSession->handleStatefulRequest()
#29 /home/u568337254/domains/styxcorp.in/public_html/school/vendor/laravel/framework/src/Illuminate/Pipeline/Pipeline.php(219): Illuminate\\Session\\Middleware\\StartSession->handle()
#30 /home/u568337254/domains/styxcorp.in/public_html/school/vendor/laravel/framework/src/Illuminate/Cookie/Middleware/AddQueuedCookiesToResponse.php(36): Illuminate\\Pipeline\\Pipeline->Illuminate\\Pipeline\\{closure}()
#31 /home/u568337254/domains/styxcorp.in/public_html/school/vendor/laravel/framework/src/Illuminate/Pipeline/Pipeline.php(219): Illuminate\\Cookie\\Middleware\\AddQueuedCookiesToResponse->handle()
#32 /home/u568337254/domains/styxcorp.in/public_html/school/vendor/laravel/framework/src/Illuminate/Cookie/Middleware/EncryptCookies.php(74): Illuminate\\Pipeline\\Pipeline->Illuminate\\Pipeline\\{closure}()
#33 /home/u568337254/domains/styxcorp.in/public_html/school/vendor/laravel/framework/src/Illuminate/Pipeline/Pipeline.php(219): Illuminate\\Cookie\\Middleware\\EncryptCookies->handle()
#34 /home/u568337254/domains/styxcorp.in/public_html/school/vendor/laravel/framework/src/Illuminate/Pipeline/Pipeline.php(137): Illuminate\\Pipeline\\Pipeline->Illuminate\\Pipeline\\{closure}()
#35 /home/u568337254/domains/styxcorp.in/public_html/school/vendor/laravel/framework/src/Illuminate/Routing/Router.php(821): Illuminate\\Pipeline\\Pipeline->then()
#36 /home/u568337254/domains/styxcorp.in/public_html/school/vendor/laravel/framework/src/Illuminate/Routing/Router.php(800): Illuminate\\Routing\\Router->runRouteWithinStack()
#37 /home/u568337254/domains/styxcorp.in/public_html/school/vendor/laravel/framework/src/Illuminate/Routing/Router.php(764): Illuminate\\Routing\\Router->runRoute()
#38 /home/u568337254/domains/styxcorp.in/public_html/school/vendor/laravel/framework/src/Illuminate/Routing/Router.php(753): Illuminate\\Routing\\Router->dispatchToRoute()
#39 /home/u568337254/domains/styxcorp.in/public_html/school/vendor/laravel/framework/src/Illuminate/Foundation/Http/Kernel.php(200): Illuminate\\Routing\\Router->dispatch()
#40 /home/u568337254/domains/styxcorp.in/public_html/school/vendor/laravel/framework/src/Illuminate/Pipeline/Pipeline.php(180): Illuminate\\Foundation\\Http\\Kernel->Illuminate\\Foundation\\Http\\{closure}()
#41 /home/u568337254/domains/styxcorp.in/public_html/school/vendor/laravel/framework/src/Illuminate/Foundation/Http/Middleware/TransformsRequest.php(21): Illuminate\\Pipeline\\Pipeline->Illuminate\\Pipeline\\{closure}()
#42 /home/u568337254/domains/styxcorp.in/public_html/school/vendor/laravel/framework/src/Illuminate/Foundation/Http/Middleware/ConvertEmptyStringsToNull.php(31): Illuminate\\Foundation\\Http\\Middleware\\TransformsRequest->handle()
#43 /home/u568337254/domains/styxcorp.in/public_html/school/vendor/laravel/framework/src/Illuminate/Pipeline/Pipeline.php(219): Illuminate\\Foundation\\Http\\Middleware\\ConvertEmptyStringsToNull->handle()
#44 /home/u568337254/domains/styxcorp.in/public_html/school/vendor/laravel/framework/src/Illuminate/Foundation/Http/Middleware/TransformsRequest.php(21): Illuminate\\Pipeline\\Pipeline->Illuminate\\Pipeline\\{closure}()
#45 /home/u568337254/domains/styxcorp.in/public_html/school/vendor/laravel/framework/src/Illuminate/Foundation/Http/Middleware/TrimStrings.php(51): Illuminate\\Foundation\\Http\\Middleware\\TransformsRequest->handle()
#46 /home/u568337254/domains/styxcorp.in/public_html/school/vendor/laravel/framework/src/Illuminate/Pipeline/Pipeline.php(219): Illuminate\\Foundation\\Http\\Middleware\\TrimStrings->handle()
#47 /home/u568337254/domains/styxcorp.in/public_html/school/vendor/laravel/framework/src/Illuminate/Http/Middleware/ValidatePostSize.php(27): Illuminate\\Pipeline\\Pipeline->Illuminate\\Pipeline\\{closure}()
#48 /home/u568337254/domains/styxcorp.in/public_html/school/vendor/laravel/framework/src/Illuminate/Pipeline/Pipeline.php(219): Illuminate\\Http\\Middleware\\ValidatePostSize->handle()
#49 /home/u568337254/domains/styxcorp.in/public_html/school/vendor/laravel/framework/src/Illuminate/Foundation/Http/Middleware/PreventRequestsDuringMaintenance.php(109): Illuminate\\Pipeline\\Pipeline->Illuminate\\Pipeline\\{closure}()
#50 /home/u568337254/domains/styxcorp.in/public_html/school/vendor/laravel/framework/src/Illuminate/Pipeline/Pipeline.php(219): Illuminate\\Foundation\\Http\\Middleware\\PreventRequestsDuringMaintenance->handle()
#51 /home/u568337254/domains/styxcorp.in/public_html/school/vendor/laravel/framework/src/Illuminate/Http/Middleware/HandleCors.php(61): Illuminate\\Pipeline\\Pipeline->Illuminate\\Pipeline\\{closure}()
#52 /home/u568337254/domains/styxcorp.in/public_html/school/vendor/laravel/framework/src/Illuminate/Pipeline/Pipeline.php(219): Illuminate\\Http\\Middleware\\HandleCors->handle()
#53 /home/u568337254/domains/styxcorp.in/public_html/school/vendor/laravel/framework/src/Illuminate/Http/Middleware/TrustProxies.php(58): Illuminate\\Pipeline\\Pipeline->Illuminate\\Pipeline\\{closure}()
#54 /home/u568337254/domains/styxcorp.in/public_html/school/vendor/laravel/framework/src/Illuminate/Pipeline/Pipeline.php(219): Illuminate\\Http\\Middleware\\TrustProxies->handle()
#55 /home/u568337254/domains/styxcorp.in/public_html/school/vendor/laravel/framework/src/Illuminate/Foundation/Http/Middleware/InvokeDeferredCallbacks.php(22): Illuminate\\Pipeline\\Pipeline->Illuminate\\Pipeline\\{closure}()
#56 /home/u568337254/domains/styxcorp.in/public_html/school/vendor/laravel/framework/src/Illuminate/Pipeline/Pipeline.php(219): Illuminate\\Foundation\\Http\\Middleware\\InvokeDeferredCallbacks->handle()
#57 /home/u568337254/domains/styxcorp.in/public_html/school/vendor/laravel/framework/src/Illuminate/Http/Middleware/ValidatePathEncoding.php(26): Illuminate\\Pipeline\\Pipeline->Illuminate\\Pipeline\\{closure}()
#58 /home/u568337254/domains/styxcorp.in/public_html/school/vendor/laravel/framework/src/Illuminate/Pipeline/Pipeline.php(219): Illuminate\\Http\\Middleware\\ValidatePathEncoding->handle()
#59 /home/u568337254/domains/styxcorp.in/public_html/school/vendor/laravel/framework/src/Illuminate/Pipeline/Pipeline.php(137): Illuminate\\Pipeline\\Pipeline->Illuminate\\Pipeline\\{closure}()
#60 /home/u568337254/domains/styxcorp.in/public_html/school/vendor/laravel/framework/src/Illuminate/Foundation/Http/Kernel.php(175): Illuminate\\Pipeline\\Pipeline->then()
#61 /home/u568337254/domains/styxcorp.in/public_html/school/vendor/laravel/framework/src/Illuminate/Foundation/Http/Kernel.php(144): Illuminate\\Foundation\\Http\\Kernel->sendRequestThroughRouter()
#62 /home/u568337254/domains/styxcorp.in/public_html/school/vendor/laravel/framework/src/Illuminate/Foundation/Application.php(1220): Illuminate\\Foundation\\Http\\Kernel->handle()
#63 /home/u568337254/domains/styxcorp.in/public_html/school/public/index.php(20): Illuminate\\Foundation\\Application->handleRequest()
#64 {main}

[previous exception] [object] (PDOException(code: 42S02): SQLSTATE[42S02]: Base table or view not found: 1146 Table 'u568337254_wendydb.users' doesn't exist at /home/u568337254/domains/styxcorp.in/public_html/school/vendor/laravel/framework/src/Illuminate/Database/Connection.php:420)
[stacktrace]
#0 /home/u568337254/domains/styxcorp.in/public_html/school/vendor/laravel/framework/src/Illuminate/Database/Connection.php(420): PDO->prepare()
#1 /home/u568337254/domains/styxcorp.in/public_html/school/vendor/laravel/framework/src/Illuminate/Database/Connection.php(827): Illuminate\\Database\\Connection->Illuminate\\Database\\{closure}()
#2 /home/u568337254/domains/styxcorp.in/public_html/school/vendor/laravel/framework/src/Illuminate/Database/Connection.php(794): Illuminate\\Database\\Connection->runQueryCallback()
#3 /home/u568337254/domains/styxcorp.in/public_html/school/vendor/laravel/framework/src/Illuminate/Database/Connection.php(411): Illuminate\\Database\\Connection->run()
#4 /home/u568337254/domains/styxcorp.in/public_html/school/vendor/laravel/framework/src/Illuminate/Database/Query/Builder.php(3475): Illuminate\\Database\\Connection->select()
#5 /home/u568337254/domains/styxcorp.in/public_html/school/vendor/laravel/framework/src/Illuminate/Database/Query/Builder.php(3460): Illuminate\\Database\\Query\\Builder->runSelect()
#6 /home/u568337254/domains/styxcorp.in/public_html/school/vendor/laravel/framework/src/Illuminate/Database/Query/Builder.php(4050): Illuminate\\Database\\Query\\Builder->Illuminate\\Database\\Query\\{closure}()
#7 /home/u568337254/domains/styxcorp.in/public_html/school/vendor/laravel/framework/src/Illuminate/Database/Query/Builder.php(3459): Illuminate\\Database\\Query\\Builder->onceWithColumns()
#8 /home/u568337254/domains/styxcorp.in/public_html/school/vendor/laravel/framework/src/Illuminate/Database/Eloquent/Builder.php(902): Illuminate\\Database\\Query\\Builder->get()
#9 /home/u568337254/domains/styxcorp.in/public_html/school/vendor/laravel/framework/src/Illuminate/Database/Eloquent/Builder.php(884): Illuminate\\Database\\Eloquent\\Builder->getModels()
#10 /home/u568337254/domains/styxcorp.in/public_html/school/vendor/laravel/framework/src/Illuminate/Database/Concerns/BuildsQueries.php(366): Illuminate\\Database\\Eloquent\\Builder->get()
#11 /home/u568337254/domains/styxcorp.in/public_html/school/vendor/laravel/framework/src/Illuminate/Auth/EloquentUserProvider.php(138): Illuminate\\Database\\Eloquent\\Builder->first()
#12 /home/u568337254/domains/styxcorp.in/public_html/school/vendor/laravel/framework/src/Illuminate/Auth/SessionGuard.php(424): Illuminate\\Auth\\EloquentUserProvider->retrieveByCredentials()
#13 /home/u568337254/domains/styxcorp.in/public_html/school/vendor/laravel/framework/src/Illuminate/Support/Timebox.php(34): Illuminate\\Auth\\SessionGuard->Illuminate\\Auth\\{closure}()
#14 /home/u568337254/domains/styxcorp.in/public_html/school/vendor/laravel/framework/src/Illuminate/Auth/SessionGuard.php(421): Illuminate\\Support\\Timebox->call()
#15 /home/u568337254/domains/styxcorp.in/public_html/school/vendor/laravel/framework/src/Illuminate/Auth/AuthManager.php(334): Illuminate\\Auth\\SessionGuard->attempt()
#16 /home/u568337254/domains/styxcorp.in/public_html/school/vendor/laravel/framework/src/Illuminate/Support/Facades/Facade.php(363): Illuminate\\Auth\\AuthManager->__call()
#17 /home/u568337254/domains/styxcorp.in/public_html/school/app/Http/Controllers/AuthController.php(25): Illuminate\\Support\\Facades\\Facade::__callStatic()
#18 /home/u568337254/domains/styxcorp.in/public_html/school/vendor/laravel/framework/src/Illuminate/Routing/ControllerDispatcher.php(46): App\\Http\\Controllers\\AuthController->login()
#19 /home/u568337254/domains/styxcorp.in/public_html/school/vendor/laravel/framework/src/Illuminate/Routing/Route.php(265): Illuminate\\Routing\\ControllerDispatcher->dispatch()
#20 /home/u568337254/domains/styxcorp.in/public_html/school/vendor/laravel/framework/src/Illuminate/Routing/Route.php(211): Illuminate\\Routing\\Route->runController()
#21 /home/u568337254/domains/styxcorp.in/public_html/school/vendor/laravel/framework/src/Illuminate/Routing/Router.php(822): Illuminate\\Routing\\Route->run()
#22 /home/u568337254/domains/styxcorp.in/public_html/school/vendor/laravel/framework/src/Illuminate/Pipeline/Pipeline.php(180): Illuminate\\Routing\\Router->Illuminate\\Routing\\{closure}()
#23 /home/u568337254/domains/styxcorp.in/public_html/school/vendor/laravel/framework/src/Illuminate/Routing/Middleware/SubstituteBindings.php(50): Illuminate\\Pipeline\\Pipeline->Illuminate\\Pipeline\\{closure}()
#24 /home/u568337254/domains/styxcorp.in/public_html/school/vendor/laravel/framework/src/Illuminate/Pipeline/Pipeline.php(219): Illuminate\\Routing\\Middleware\\SubstituteBindings->handle()
#25 /home/u568337254/domains/styxcorp.in/public_html/school/vendor/laravel/framework/src/Illuminate/Foundation/Http/Middleware/VerifyCsrfToken.php(87): Illuminate\\Pipeline\\Pipeline->Illuminate\\Pipeline\\{closure}()
#26 /home/u568337254/domains/styxcorp.in/public_html/school/vendor/laravel/framework/src/Illuminate/Pipeline/Pipeline.php(219): Illuminate\\Foundation\\Http\\Middleware\\VerifyCsrfToken->handle()
#27 /home/u568337254/domains/styxcorp.in/public_html/school/vendor/laravel/framework/src/Illuminate/View/Middleware/ShareErrorsFromSession.php(48): Illuminate\\Pipeline\\Pipeline->Illuminate\\Pipeline\\{closure}()
#28 /home/u568337254/domains/styxcorp.in/public_html/school/vendor/laravel/framework/src/Illuminate/Pipeline/Pipeline.php(219): Illuminate\\View\\Middleware\\ShareErrorsFromSession->handle()
#29 /home/u568337254/domains/styxcorp.in/public_html/school/vendor/laravel/framework/src/Illuminate/Session/Middleware/StartSession.php(120): Illuminate\\Pipeline\\Pipeline->Illuminate\\Pipeline\\{closure}()
#30 /home/u568337254/domains/styxcorp.in/public_html/school/vendor/laravel/framework/src/Illuminate/Session/Middleware/StartSession.php(63): Illuminate\\Session\\Middleware\\StartSession->handleStatefulRequest()
#31 /home/u568337254/domains/styxcorp.in/public_html/school/vendor/laravel/framework/src/Illuminate/Pipeline/Pipeline.php(219): Illuminate\\Session\\Middleware\\StartSession->handle()
#32 /home/u568337254/domains/styxcorp.in/public_html/school/vendor/laravel/framework/src/Illuminate/Cookie/Middleware/AddQueuedCookiesToResponse.php(36): Illuminate\\Pipeline\\Pipeline->Illuminate\\Pipeline\\{closure}()
#33 /home/u568337254/domains/styxcorp.in/public_html/school/vendor/laravel/framework/src/Illuminate/Pipeline/Pipeline.php(219): Illuminate\\Cookie\\Middleware\\AddQueuedCookiesToResponse->handle()
#34 /home/u568337254/domains/styxcorp.in/public_html/school/vendor/laravel/framework/src/Illuminate/Cookie/Middleware/EncryptCookies.php(74): Illuminate\\Pipeline\\Pipeline->Illuminate\\Pipeline\\{closure}()
#35 /home/u568337254/domains/styxcorp.in/public_html/school/vendor/laravel/framework/src/Illuminate/Pipeline/Pipeline.php(219): Illuminate\\Cookie\\Middleware\\EncryptCookies->handle()
#36 /home/u568337254/domains/styxcorp.in/public_html/school/vendor/laravel/framework/src/Illuminate/Pipeline/Pipeline.php(137): Illuminate\\Pipeline\\Pipeline->Illuminate\\Pipeline\\{closure}()
#37 /home/u568337254/domains/styxcorp.in/public_html/school/vendor/laravel/framework/src/Illuminate/Routing/Router.php(821): Illuminate\\Pipeline\\Pipeline->then()
#38 /home/u568337254/domains/styxcorp.in/public_html/school/vendor/laravel/framework/src/Illuminate/Routing/Router.php(800): Illuminate\\Routing\\Router->runRouteWithinStack()
#39 /home/u568337254/domains/styxcorp.in/public_html/school/vendor/laravel/framework/src/Illuminate/Routing/Router.php(764): Illuminate\\Routing\\Router->runRoute()
#40 /home/u568337254/domains/styxcorp.in/public_html/school/vendor/laravel/framework/src/Illuminate/Routing/Router.php(753): Illuminate\\Routing\\Router->dispatchToRoute()
#41 /home/u568337254/domains/styxcorp.in/public_html/school/vendor/laravel/framework/src/Illuminate/Foundation/Http/Kernel.php(200): Illuminate\\Routing\\Router->dispatch()
#42 /home/u568337254/domains/styxcorp.in/public_html/school/vendor/laravel/framework/src/Illuminate/Pipeline/Pipeline.php(180): Illuminate\\Foundation\\Http\\Kernel->Illuminate\\Foundation\\Http\\{closure}()
#43 /home/u568337254/domains/styxcorp.in/public_html/school/vendor/laravel/framework/src/Illuminate/Foundation/Http/Middleware/TransformsRequest.php(21): Illuminate\\Pipeline\\Pipeline->Illuminate\\Pipeline\\{closure}()
#44 /home/u568337254/domains/styxcorp.in/public_html/school/vendor/laravel/framework/src/Illuminate/Foundation/Http/Middleware/ConvertEmptyStringsToNull.php(31): Illuminate\\Foundation\\Http\\Middleware\\TransformsRequest->handle()
#45 /home/u568337254/domains/styxcorp.in/public_html/school/vendor/laravel/framework/src/Illuminate/Pipeline/Pipeline.php(219): Illuminate\\Foundation\\Http\\Middleware\\ConvertEmptyStringsToNull->handle()
#46 /home/u568337254/domains/styxcorp.in/public_html/school/vendor/laravel/framework/src/Illuminate/Foundation/Http/Middleware/TransformsRequest.php(21): Illuminate\\Pipeline\\Pipeline->Illuminate\\Pipeline\\{closure}()
#47 /home/u568337254/domains/styxcorp.in/public_html/school/vendor/laravel/framework/src/Illuminate/Foundation/Http/Middleware/TrimStrings.php(51): Illuminate\\Foundation\\Http\\Middleware\\TransformsRequest->handle()
#48 /home/u568337254/domains/styxcorp.in/public_html/school/vendor/laravel/framework/src/Illuminate/Pipeline/Pipeline.php(219): Illuminate\\Foundation\\Http\\Middleware\\TrimStrings->handle()
#49 /home/u568337254/domains/styxcorp.in/public_html/school/vendor/laravel/framework/src/Illuminate/Http/Middleware/ValidatePostSize.php(27): Illuminate\\Pipeline\\Pipeline->Illuminate\\Pipeline\\{closure}()
#50 /home/u568337254/domains/styxcorp.in/public_html/school/vendor/laravel/framework/src/Illuminate/Pipeline/Pipeline.php(219): Illuminate\\Http\\Middleware\\ValidatePostSize->handle()
#51 /home/u568337254/domains/styxcorp.in/public_html/school/vendor/laravel/framework/src/Illuminate/Foundation/Http/Middleware/PreventRequestsDuringMaintenance.php(109): Illuminate\\Pipeline\\Pipeline->Illuminate\\Pipeline\\{closure}()
#52 /home/u568337254/domains/styxcorp.in/public_html/school/vendor/laravel/framework/src/Illuminate/Pipeline/Pipeline.php(219): Illuminate\\Foundation\\Http\\Middleware\\PreventRequestsDuringMaintenance->handle()
#53 /home/u568337254/domains/styxcorp.in/public_html/school/vendor/laravel/framework/src/Illuminate/Http/Middleware/HandleCors.php(61): Illuminate\\Pipeline\\Pipeline->Illuminate\\Pipeline\\{closure}()
#54 /home/u568337254/domains/styxcorp.in/public_html/school/vendor/laravel/framework/src/Illuminate/Pipeline/Pipeline.php(219): Illuminate\\Http\\Middleware\\HandleCors->handle()
#55 /home/u568337254/domains/styxcorp.in/public_html/school/vendor/laravel/framework/src/Illuminate/Http/Middleware/TrustProxies.php(58): Illuminate\\Pipeline\\Pipeline->Illuminate\\Pipeline\\{closure}()
#56 /home/u568337254/domains/styxcorp.in/public_html/school/vendor/laravel/framework/src/Illuminate/Pipeline/Pipeline.php(219): Illuminate\\Http\\Middleware\\TrustProxies->handle()
#57 /home/u568337254/domains/styxcorp.in/public_html/school/vendor/laravel/framework/src/Illuminate/Foundation/Http/Middleware/InvokeDeferredCallbacks.php(22): Illuminate\\Pipeline\\Pipeline->Illuminate\\Pipeline\\{closure}()
#58 /home/u568337254/domains/styxcorp.in/public_html/school/vendor/laravel/framework/src/Illuminate/Pipeline/Pipeline.php(219): Illuminate\\Foundation\\Http\\Middleware\\InvokeDeferredCallbacks->handle()
#59 /home/u568337254/domains/styxcorp.in/public_html/school/vendor/laravel/framework/src/Illuminate/Http/Middleware/ValidatePathEncoding.php(26): Illuminate\\Pipeline\\Pipeline->Illuminate\\Pipeline\\{closure}()
#60 /home/u568337254/domains/styxcorp.in/public_html/school/vendor/laravel/framework/src/Illuminate/Pipeline/Pipeline.php(219): Illuminate\\Http\\Middleware\\ValidatePathEncoding->handle()
#61 /home/u568337254/domains/styxcorp.in/public_html/school/vendor/laravel/framework/src/Illuminate/Pipeline/Pipeline.php(137): Illuminate\\Pipeline\\Pipeline->Illuminate\\Pipeline\\{closure}()
#62 /home/u568337254/domains/styxcorp.in/public_html/school/vendor/laravel/framework/src/Illuminate/Foundation/Http/Kernel.php(175): Illuminate\\Pipeline\\Pipeline->then()
#63 /home/u568337254/domains/styxcorp.in/public_html/school/vendor/laravel/framework/src/Illuminate/Foundation/Http/Kernel.php(144): Illuminate\\Foundation\\Http\\Kernel->sendRequestThroughRouter()
#64 /home/u568337254/domains/styxcorp.in/public_html/school/vendor/laravel/framework/src/Illuminate/Foundation/Application.php(1220): Illuminate\\Foundation\\Http\\Kernel->handle()
#65 /home/u568337254/domains/styxcorp.in/public_html/school/public/index.php(20): Illuminate\\Foundation\\Application->handleRequest()
#66 {main}
"} 
